Barcode Sequence + (5' -> 3'),Forward-GT,515F (Parada)-16SF,Barcode_linker_F-primer,Reverse-CC,806R (Apprill)-16SR,Barcode_linker_R-primer,Rev.ID,For.ID
AACCCAGATGAT,GT,GTGYCAGCMGCCGCGGTAA,AACCCAGATGATGTGTGYCAGCMGCCGCGGTAA,CC,GGACTACNVGGGTWTCTAAT,AACCCAGATGATCCGGACTACNVGGGTWTCTAAT,B16S_1R,B16S_1F
AACCCGTCGTCA,GT,GTGYCAGCMGCCGCGGTAA,AACCCGTCGTCAGTGTGYCAGCMGCCGCGGTAA,CC,GGACTACNVGGGTWTCTAAT,AACCCGTCGTCACCGGACTACNVGGGTWTCTAAT,B16S_2R,B16S_2F
AACCCTAACTGG,GT,GTGYCAGCMGCCGCGGTAA,AACCCTAACTGGGTGTGYCAGCMGCCGCGGTAA,CC,GGACTACNVGGGTWTCTAAT,AACCCTAACTGGCCGGACTACNVGGGTWTCTAAT,B16S_3R,B16S_3F
AACGAGGCAACG,GT,GTGYCAGCMGCCGCGGTAA,AACGAGGCAACGGTGTGYCAGCMGCCGCGGTAA,CC,GGACTACNVGGGTWTCTAAT,AACGAGGCAACGCCGGACTACNVGGGTWTCTAAT,B16S_4R,B16S_4F
AACGGCTGGAAG,GT,GTGYCAGCMGCCGCGGTAA,AACGGCTGGAAGGTGTGYCAGCMGCCGCGGTAA,CC,GGACTACNVGGGTWTCTAAT,AACGGCTGGAAGCCGGACTACNVGGGTWTCTAAT,B16S_5R,B16S_5F
AACTCAATAGCG,GT,GTGYCAGCMGCCGCGGTAA,AACTCAATAGCGGTGTGYCAGCMGCCGCGGTAA,CC,GGACTACNVGGGTWTCTAAT,AACTCAATAGCGCCGGACTACNVGGGTWTCTAAT,B16S_6R,B16S_6F
AACTTCACTTCC,GT,GTGYCAGCMGCCGCGGTAA,AACTTCACTTCCGTGTGYCAGCMGCCGCGGTAA,CC,GGACTACNVGGGTWTCTAAT,AACTTCACTTCCCCGGACTACNVGGGTWTCTAAT,B16S_7R,B16S_7F
AACTTGGCCGTA,GT,GTGYCAGCMGCCGCGGTAA,AACTTGGCCGTAGTGTGYCAGCMGCCGCGGTAA,CC,GGACTACNVGGGTWTCTAAT,AACTTGGCCGTACCGGACTACNVGGGTWTCTAAT,B16S_8R,B16S_8F
AACTTTCAGGAG,GT,GTGYCAGCMGCCGCGGTAA,AACTTTCAGGAGGTGTGYCAGCMGCCGCGGTAA,CC,GGACTACNVGGGTWTCTAAT,AACTTTCAGGAGCCGGACTACNVGGGTWTCTAAT,B16S_9R,B16S_9F
AAGACGTAGCGG,GT,GTGYCAGCMGCCGCGGTAA,AAGACGTAGCGGGTGTGYCAGCMGCCGCGGTAA,CC,GGACTACNVGGGTWTCTAAT,AAGACGTAGCGGCCGGACTACNVGGGTWTCTAAT,B16S_10R,B16S_10F
AAGGAGTGCGCA,GT,GTGYCAGCMGCCGCGGTAA,AAGGAGTGCGCAGTGTGYCAGCMGCCGCGGTAA,CC,GGACTACNVGGGTWTCTAAT,AAGGAGTGCGCACCGGACTACNVGGGTWTCTAAT,B16S_11R,B16S_11F
AAGGCGCTCCTT,GT,GTGYCAGCMGCCGCGGTAA,AAGGCGCTCCTTGTGTGYCAGCMGCCGCGGTAA,CC,GGACTACNVGGGTWTCTAAT,AAGGCGCTCCTTCCGGACTACNVGGGTWTCTAAT,B16S_12R,B16S_12F
AAGGGCGCTGAA,GT,GTGYCAGCMGCCGCGGTAA,AAGGGCGCTGAAGTGTGYCAGCMGCCGCGGTAA,CC,GGACTACNVGGGTWTCTAAT,AAGGGCGCTGAACCGGACTACNVGGGTWTCTAAT,B16S_13R,B16S_13F
AAGGGTTAGTCT,GT,GTGYCAGCMGCCGCGGTAA,AAGGGTTAGTCTGTGTGYCAGCMGCCGCGGTAA,CC,GGACTACNVGGGTWTCTAAT,AAGGGTTAGTCTCCGGACTACNVGGGTWTCTAAT,B16S_14R,B16S_14F
AAGTCGACACAT,GT,GTGYCAGCMGCCGCGGTAA,AAGTCGACACATGTGTGYCAGCMGCCGCGGTAA,CC,GGACTACNVGGGTWTCTAAT,AAGTCGACACATCCGGACTACNVGGGTWTCTAAT,B16S_15R,B16S_15F
AATAGTCGTGAC,GT,GTGYCAGCMGCCGCGGTAA,AATAGTCGTGACGTGTGYCAGCMGCCGCGGTAA,CC,GGACTACNVGGGTWTCTAAT,AATAGTCGTGACCCGGACTACNVGGGTWTCTAAT,B16S_16R,B16S_16F
AATATCGGGATC,GT,GTGYCAGCMGCCGCGGTAA,AATATCGGGATCGTGTGYCAGCMGCCGCGGTAA,CC,GGACTACNVGGGTWTCTAAT,AATATCGGGATCCCGGACTACNVGGGTWTCTAAT,B16S_17R,B16S_17F
AATGGACCGTTC,GT,GTGYCAGCMGCCGCGGTAA,AATGGACCGTTCGTGTGYCAGCMGCCGCGGTAA,CC,GGACTACNVGGGTWTCTAAT,AATGGACCGTTCCCGGACTACNVGGGTWTCTAAT,B16S_18R,B16S_18F
AATGGTTCAGCA,GT,GTGYCAGCMGCCGCGGTAA,AATGGTTCAGCAGTGTGYCAGCMGCCGCGGTAA,CC,GGACTACNVGGGTWTCTAAT,AATGGTTCAGCACCGGACTACNVGGGTWTCTAAT,B16S_19R,B16S_19F
AATTCACCTCCT,GT,GTGYCAGCMGCCGCGGTAA,AATTCACCTCCTGTGTGYCAGCMGCCGCGGTAA,CC,GGACTACNVGGGTWTCTAAT,AATTCACCTCCTCCGGACTACNVGGGTWTCTAAT,B16S_20R,B16S_20F
AATTCCGAACGC,GT,GTGYCAGCMGCCGCGGTAA,AATTCCGAACGCGTGTGYCAGCMGCCGCGGTAA,CC,GGACTACNVGGGTWTCTAAT,AATTCCGAACGCCCGGACTACNVGGGTWTCTAAT,B16S_21R,B16S_21F
ACAAACATGGTC,GT,GTGYCAGCMGCCGCGGTAA,ACAAACATGGTCGTGTGYCAGCMGCCGCGGTAA,CC,GGACTACNVGGGTWTCTAAT,ACAAACATGGTCCCGGACTACNVGGGTWTCTAAT,B16S_22R,B16S_22F
ACAAGGCAAGGC,GT,GTGYCAGCMGCCGCGGTAA,ACAAGGCAAGGCGTGTGYCAGCMGCCGCGGTAA,CC,GGACTACNVGGGTWTCTAAT,ACAAGGCAAGGCCCGGACTACNVGGGTWTCTAAT,B16S_23R,B16S_23F
ACAAGTGCTGCT,GT,GTGYCAGCMGCCGCGGTAA,ACAAGTGCTGCTGTGTGYCAGCMGCCGCGGTAA,CC,GGACTACNVGGGTWTCTAAT,ACAAGTGCTGCTCCGGACTACNVGGGTWTCTAAT,B16S_24R,B16S_24F
ACAATAGACACC,GT,GTGYCAGCMGCCGCGGTAA,ACAATAGACACCGTGTGYCAGCMGCCGCGGTAA,CC,GGACTACNVGGGTWTCTAAT,ACAATAGACACCCCGGACTACNVGGGTWTCTAAT,B16S_25R,B16S_25F
ACACGCGGTTTA,GT,GTGYCAGCMGCCGCGGTAA,ACACGCGGTTTAGTGTGYCAGCMGCCGCGGTAA,CC,GGACTACNVGGGTWTCTAAT,ACACGCGGTTTACCGGACTACNVGGGTWTCTAAT,B16S_26R,B16S_26F
ACACGTTTGGGT,GT,GTGYCAGCMGCCGCGGTAA,ACACGTTTGGGTGTGTGYCAGCMGCCGCGGTAA,CC,GGACTACNVGGGTWTCTAAT,ACACGTTTGGGTCCGGACTACNVGGGTWTCTAAT,B16S_27R,B16S_27F
ACAGCATAGCTC,GT,GTGYCAGCMGCCGCGGTAA,ACAGCATAGCTCGTGTGYCAGCMGCCGCGGTAA,CC,GGACTACNVGGGTWTCTAAT,ACAGCATAGCTCCCGGACTACNVGGGTWTCTAAT,B16S_28R,B16S_28F
ACAGCCACCCAT,GT,GTGYCAGCMGCCGCGGTAA,ACAGCCACCCATGTGTGYCAGCMGCCGCGGTAA,CC,GGACTACNVGGGTWTCTAAT,ACAGCCACCCATCCGGACTACNVGGGTWTCTAAT,B16S_29R,B16S_29F
ACAGCTCAAACA,GT,GTGYCAGCMGCCGCGGTAA,ACAGCTCAAACAGTGTGYCAGCMGCCGCGGTAA,CC,GGACTACNVGGGTWTCTAAT,ACAGCTCAAACACCGGACTACNVGGGTWTCTAAT,B16S_30R,B16S_30F
ACATCGTTGACG,GT,GTGYCAGCMGCCGCGGTAA,ACATCGTTGACGGTGTGYCAGCMGCCGCGGTAA,CC,GGACTACNVGGGTWTCTAAT,ACATCGTTGACGCCGGACTACNVGGGTWTCTAAT,B16S_31R,B16S_31F
ACATTGAAGCGT,GT,GTGYCAGCMGCCGCGGTAA,ACATTGAAGCGTGTGTGYCAGCMGCCGCGGTAA,CC,GGACTACNVGGGTWTCTAAT,ACATTGAAGCGTCCGGACTACNVGGGTWTCTAAT,B16S_32R,B16S_32F
ACCAGAAATGTC,GT,GTGYCAGCMGCCGCGGTAA,ACCAGAAATGTCGTGTGYCAGCMGCCGCGGTAA,CC,GGACTACNVGGGTWTCTAAT,ACCAGAAATGTCCCGGACTACNVGGGTWTCTAAT,B16S_33R,B16S_33F
ACCAGCTCAGAT,GT,GTGYCAGCMGCCGCGGTAA,ACCAGCTCAGATGTGTGYCAGCMGCCGCGGTAA,CC,GGACTACNVGGGTWTCTAAT,ACCAGCTCAGATCCGGACTACNVGGGTWTCTAAT,B16S_34R,B16S_34F
ACCATGTAGAAC,GT,GTGYCAGCMGCCGCGGTAA,ACCATGTAGAACGTGTGYCAGCMGCCGCGGTAA,CC,GGACTACNVGGGTWTCTAAT,ACCATGTAGAACCCGGACTACNVGGGTWTCTAAT,B16S_35R,B16S_35F
ACCGGAGTAGGA,GT,GTGYCAGCMGCCGCGGTAA,ACCGGAGTAGGAGTGTGYCAGCMGCCGCGGTAA,CC,GGACTACNVGGGTWTCTAAT,ACCGGAGTAGGACCGGACTACNVGGGTWTCTAAT,B16S_36R,B16S_36F
ACCTGTCCTTTC,GT,GTGYCAGCMGCCGCGGTAA,ACCTGTCCTTTCGTGTGYCAGCMGCCGCGGTAA,CC,GGACTACNVGGGTWTCTAAT,ACCTGTCCTTTCCCGGACTACNVGGGTWTCTAAT,B16S_37R,B16S_37F
ACGAAAGAGCAG,GT,GTGYCAGCMGCCGCGGTAA,ACGAAAGAGCAGGTGTGYCAGCMGCCGCGGTAA,CC,GGACTACNVGGGTWTCTAAT,ACGAAAGAGCAGCCGGACTACNVGGGTWTCTAAT,B16S_38R,B16S_38F
ACGAAGTCTACC,GT,GTGYCAGCMGCCGCGGTAA,ACGAAGTCTACCGTGTGYCAGCMGCCGCGGTAA,CC,GGACTACNVGGGTWTCTAAT,ACGAAGTCTACCCCGGACTACNVGGGTWTCTAAT,B16S_39R,B16S_39F
ACGAGACTGATT,GT,GTGYCAGCMGCCGCGGTAA,ACGAGACTGATTGTGTGYCAGCMGCCGCGGTAA,CC,GGACTACNVGGGTWTCTAAT,ACGAGACTGATTCCGGACTACNVGGGTWTCTAAT,B16S_40R,B16S_40F
ACGATATGGTCA,GT,GTGYCAGCMGCCGCGGTAA,ACGATATGGTCAGTGTGYCAGCMGCCGCGGTAA,CC,GGACTACNVGGGTWTCTAAT,ACGATATGGTCACCGGACTACNVGGGTWTCTAAT,B16S_41R,B16S_41F
ACGATCATCTGG,GT,GTGYCAGCMGCCGCGGTAA,ACGATCATCTGGGTGTGYCAGCMGCCGCGGTAA,CC,GGACTACNVGGGTWTCTAAT,ACGATCATCTGGCCGGACTACNVGGGTWTCTAAT,B16S_42R,B16S_42F
ACGATTCGAGTC,GT,GTGYCAGCMGCCGCGGTAA,ACGATTCGAGTCGTGTGYCAGCMGCCGCGGTAA,CC,GGACTACNVGGGTWTCTAAT,ACGATTCGAGTCCCGGACTACNVGGGTWTCTAAT,B16S_43R,B16S_43F
ACGCACATACAA,GT,GTGYCAGCMGCCGCGGTAA,ACGCACATACAAGTGTGYCAGCMGCCGCGGTAA,CC,GGACTACNVGGGTWTCTAAT,ACGCACATACAACCGGACTACNVGGGTWTCTAAT,B16S_44R,B16S_44F
ACGCATCGCACT,GT,GTGYCAGCMGCCGCGGTAA,ACGCATCGCACTGTGTGYCAGCMGCCGCGGTAA,CC,GGACTACNVGGGTWTCTAAT,ACGCATCGCACTCCGGACTACNVGGGTWTCTAAT,B16S_45R,B16S_45F
ACGCCTTTCTTA,GT,GTGYCAGCMGCCGCGGTAA,ACGCCTTTCTTAGTGTGYCAGCMGCCGCGGTAA,CC,GGACTACNVGGGTWTCTAAT,ACGCCTTTCTTACCGGACTACNVGGGTWTCTAAT,B16S_46R,B16S_46F
ACGCTAGATTGA,GT,GTGYCAGCMGCCGCGGTAA,ACGCTAGATTGAGTGTGYCAGCMGCCGCGGTAA,CC,GGACTACNVGGGTWTCTAAT,ACGCTAGATTGACCGGACTACNVGGGTWTCTAAT,B16S_47R,B16S_47F
ACGGGATACAGG,GT,GTGYCAGCMGCCGCGGTAA,ACGGGATACAGGGTGTGYCAGCMGCCGCGGTAA,CC,GGACTACNVGGGTWTCTAAT,ACGGGATACAGGCCGGACTACNVGGGTWTCTAAT,B16S_48R,B16S_48F
ACGGGTCATCAT,GT,GTGYCAGCMGCCGCGGTAA,ACGGGTCATCATGTGTGYCAGCMGCCGCGGTAA,CC,GGACTACNVGGGTWTCTAAT,ACGGGTCATCATCCGGACTACNVGGGTWTCTAAT,B16S_49R,B16S_49F
ACGGTTTCTGGA,GT,GTGYCAGCMGCCGCGGTAA,ACGGTTTCTGGAGTGTGYCAGCMGCCGCGGTAA,CC,GGACTACNVGGGTWTCTAAT,ACGGTTTCTGGACCGGACTACNVGGGTWTCTAAT,B16S_50R,B16S_50F
ACGTCCACTGTG,GT,GTGYCAGCMGCCGCGGTAA,ACGTCCACTGTGGTGTGYCAGCMGCCGCGGTAA,CC,GGACTACNVGGGTWTCTAAT,ACGTCCACTGTGCCGGACTACNVGGGTWTCTAAT,B16S_51R,B16S_51F
ACGTGAGGAACG,GT,GTGYCAGCMGCCGCGGTAA,ACGTGAGGAACGGTGTGYCAGCMGCCGCGGTAA,CC,GGACTACNVGGGTWTCTAAT,ACGTGAGGAACGCCGGACTACNVGGGTWTCTAAT,B16S_52R,B16S_52F
ACGTGCCTTAGA,GT,GTGYCAGCMGCCGCGGTAA,ACGTGCCTTAGAGTGTGYCAGCMGCCGCGGTAA,CC,GGACTACNVGGGTWTCTAAT,ACGTGCCTTAGACCGGACTACNVGGGTWTCTAAT,B16S_53R,B16S_53F
ACGTTTGTGGCA,GT,GTGYCAGCMGCCGCGGTAA,ACGTTTGTGGCAGTGTGYCAGCMGCCGCGGTAA,CC,GGACTACNVGGGTWTCTAAT,ACGTTTGTGGCACCGGACTACNVGGGTWTCTAAT,B16S_54R,B16S_54F
ACTACTGAGGAT,GT,GTGYCAGCMGCCGCGGTAA,ACTACTGAGGATGTGTGYCAGCMGCCGCGGTAA,CC,GGACTACNVGGGTWTCTAAT,ACTACTGAGGATCCGGACTACNVGGGTWTCTAAT,B16S_55R,B16S_55F
ACTATGGGCTAA,GT,GTGYCAGCMGCCGCGGTAA,ACTATGGGCTAAGTGTGYCAGCMGCCGCGGTAA,CC,GGACTACNVGGGTWTCTAAT,ACTATGGGCTAACCGGACTACNVGGGTWTCTAAT,B16S_56R,B16S_56F
ACTCATCTTCCA,GT,GTGYCAGCMGCCGCGGTAA,ACTCATCTTCCAGTGTGYCAGCMGCCGCGGTAA,CC,GGACTACNVGGGTWTCTAAT,ACTCATCTTCCACCGGACTACNVGGGTWTCTAAT,B16S_57R,B16S_57F
ACTGACTTAAGG,GT,GTGYCAGCMGCCGCGGTAA,ACTGACTTAAGGGTGTGYCAGCMGCCGCGGTAA,CC,GGACTACNVGGGTWTCTAAT,ACTGACTTAAGGCCGGACTACNVGGGTWTCTAAT,B16S_58R,B16S_58F
ACTGAGCTGCAT,GT,GTGYCAGCMGCCGCGGTAA,ACTGAGCTGCATGTGTGYCAGCMGCCGCGGTAA,CC,GGACTACNVGGGTWTCTAAT,ACTGAGCTGCATCCGGACTACNVGGGTWTCTAAT,B16S_59R,B16S_59F
ACTGCCCGATAC,GT,GTGYCAGCMGCCGCGGTAA,ACTGCCCGATACGTGTGYCAGCMGCCGCGGTAA,CC,GGACTACNVGGGTWTCTAAT,ACTGCCCGATACCCGGACTACNVGGGTWTCTAAT,B16S_60R,B16S_60F
ACTGGATCTCGC,GT,GTGYCAGCMGCCGCGGTAA,ACTGGATCTCGCGTGTGYCAGCMGCCGCGGTAA,CC,GGACTACNVGGGTWTCTAAT,ACTGGATCTCGCCCGGACTACNVGGGTWTCTAAT,B16S_61R,B16S_61F
ACTGGCAAACCT,GT,GTGYCAGCMGCCGCGGTAA,ACTGGCAAACCTGTGTGYCAGCMGCCGCGGTAA,CC,GGACTACNVGGGTWTCTAAT,ACTGGCAAACCTCCGGACTACNVGGGTWTCTAAT,B16S_62R,B16S_62F
ACTGTACATGAG,GT,GTGYCAGCMGCCGCGGTAA,ACTGTACATGAGGTGTGYCAGCMGCCGCGGTAA,CC,GGACTACNVGGGTWTCTAAT,ACTGTACATGAGCCGGACTACNVGGGTWTCTAAT,B16S_63R,B16S_63F
ACTTTAAGGGTG,GT,GTGYCAGCMGCCGCGGTAA,ACTTTAAGGGTGGTGTGYCAGCMGCCGCGGTAA,CC,GGACTACNVGGGTWTCTAAT,ACTTTAAGGGTGCCGGACTACNVGGGTWTCTAAT,B16S_64R,B16S_64F
ACTTTGCTTTGC,GT,GTGYCAGCMGCCGCGGTAA,ACTTTGCTTTGCGTGTGYCAGCMGCCGCGGTAA,CC,GGACTACNVGGGTWTCTAAT,ACTTTGCTTTGCCCGGACTACNVGGGTWTCTAAT,B16S_65R,B16S_65F
AGAAACAGCTCT,GT,GTGYCAGCMGCCGCGGTAA,AGAAACAGCTCTGTGTGYCAGCMGCCGCGGTAA,CC,GGACTACNVGGGTWTCTAAT,AGAAACAGCTCTCCGGACTACNVGGGTWTCTAAT,B16S_66R,B16S_66F
AGAAAGGGTGTG,GT,GTGYCAGCMGCCGCGGTAA,AGAAAGGGTGTGGTGTGYCAGCMGCCGCGGTAA,CC,GGACTACNVGGGTWTCTAAT,AGAAAGGGTGTGCCGGACTACNVGGGTWTCTAAT,B16S_67R,B16S_67F
AGAATAGCGCTT,GT,GTGYCAGCMGCCGCGGTAA,AGAATAGCGCTTGTGTGYCAGCMGCCGCGGTAA,CC,GGACTACNVGGGTWTCTAAT,AGAATAGCGCTTCCGGACTACNVGGGTWTCTAAT,B16S_68R,B16S_68F
AGACACCAATGT,GT,GTGYCAGCMGCCGCGGTAA,AGACACCAATGTGTGTGYCAGCMGCCGCGGTAA,CC,GGACTACNVGGGTWTCTAAT,AGACACCAATGTCCGGACTACNVGGGTWTCTAAT,B16S_69R,B16S_69F
AGACAGTAGGAG,GT,GTGYCAGCMGCCGCGGTAA,AGACAGTAGGAGGTGTGYCAGCMGCCGCGGTAA,CC,GGACTACNVGGGTWTCTAAT,AGACAGTAGGAGCCGGACTACNVGGGTWTCTAAT,B16S_70R,B16S_70F
AGACATACCGTA,GT,GTGYCAGCMGCCGCGGTAA,AGACATACCGTAGTGTGYCAGCMGCCGCGGTAA,CC,GGACTACNVGGGTWTCTAAT,AGACATACCGTACCGGACTACNVGGGTWTCTAAT,B16S_71R,B16S_71F
AGACGTTGCTAC,GT,GTGYCAGCMGCCGCGGTAA,AGACGTTGCTACGTGTGYCAGCMGCCGCGGTAA,CC,GGACTACNVGGGTWTCTAAT,AGACGTTGCTACCCGGACTACNVGGGTWTCTAAT,B16S_72R,B16S_72F
AGAGGGTGATCG,GT,GTGYCAGCMGCCGCGGTAA,AGAGGGTGATCGGTGTGYCAGCMGCCGCGGTAA,CC,GGACTACNVGGGTWTCTAAT,AGAGGGTGATCGCCGGACTACNVGGGTWTCTAAT,B16S_73R,B16S_73F
AGAGTAAGCCGG,GT,GTGYCAGCMGCCGCGGTAA,AGAGTAAGCCGGGTGTGYCAGCMGCCGCGGTAA,CC,GGACTACNVGGGTWTCTAAT,AGAGTAAGCCGGCCGGACTACNVGGGTWTCTAAT,B16S_74R,B16S_74F
AGAGTGCTAATC,GT,GTGYCAGCMGCCGCGGTAA,AGAGTGCTAATCGTGTGYCAGCMGCCGCGGTAA,CC,GGACTACNVGGGTWTCTAAT,AGAGTGCTAATCCCGGACTACNVGGGTWTCTAAT,B16S_75R,B16S_75F
AGATGATCAGTC,GT,GTGYCAGCMGCCGCGGTAA,AGATGATCAGTCGTGTGYCAGCMGCCGCGGTAA,CC,GGACTACNVGGGTWTCTAAT,AGATGATCAGTCCCGGACTACNVGGGTWTCTAAT,B16S_76R,B16S_76F
AGATGGGACTGG,GT,GTGYCAGCMGCCGCGGTAA,AGATGGGACTGGGTGTGYCAGCMGCCGCGGTAA,CC,GGACTACNVGGGTWTCTAAT,AGATGGGACTGGCCGGACTACNVGGGTWTCTAAT,B16S_77R,B16S_77F
AGCAAGGTCTTC,GT,GTGYCAGCMGCCGCGGTAA,AGCAAGGTCTTCGTGTGYCAGCMGCCGCGGTAA,CC,GGACTACNVGGGTWTCTAAT,AGCAAGGTCTTCCCGGACTACNVGGGTWTCTAAT,B16S_78R,B16S_78F
AGCACCGGTCTT,GT,GTGYCAGCMGCCGCGGTAA,AGCACCGGTCTTGTGTGYCAGCMGCCGCGGTAA,CC,GGACTACNVGGGTWTCTAAT,AGCACCGGTCTTCCGGACTACNVGGGTWTCTAAT,B16S_79R,B16S_79F
AGCCCTGCTACA,GT,GTGYCAGCMGCCGCGGTAA,AGCCCTGCTACAGTGTGYCAGCMGCCGCGGTAA,CC,GGACTACNVGGGTWTCTAAT,AGCCCTGCTACACCGGACTACNVGGGTWTCTAAT,B16S_80R,B16S_80F
AGCGCATATCCA,GT,GTGYCAGCMGCCGCGGTAA,AGCGCATATCCAGTGTGYCAGCMGCCGCGGTAA,CC,GGACTACNVGGGTWTCTAAT,AGCGCATATCCACCGGACTACNVGGGTWTCTAAT,B16S_81R,B16S_81F
AGCTCTAGAAAC,GT,GTGYCAGCMGCCGCGGTAA,AGCTCTAGAAACGTGTGYCAGCMGCCGCGGTAA,CC,GGACTACNVGGGTWTCTAAT,AGCTCTAGAAACCCGGACTACNVGGGTWTCTAAT,B16S_82R,B16S_82F
AGCTTCGACAGT,GT,GTGYCAGCMGCCGCGGTAA,AGCTTCGACAGTGTGTGYCAGCMGCCGCGGTAA,CC,GGACTACNVGGGTWTCTAAT,AGCTTCGACAGTCCGGACTACNVGGGTWTCTAAT,B16S_83R,B16S_83F
AGCTTGAATCAG,GT,GTGYCAGCMGCCGCGGTAA,AGCTTGAATCAGGTGTGYCAGCMGCCGCGGTAA,CC,GGACTACNVGGGTWTCTAAT,AGCTTGAATCAGCCGGACTACNVGGGTWTCTAAT,B16S_84R,B16S_84F
AGGCACAGTAGG,GT,GTGYCAGCMGCCGCGGTAA,AGGCACAGTAGGGTGTGYCAGCMGCCGCGGTAA,CC,GGACTACNVGGGTWTCTAAT,AGGCACAGTAGGCCGGACTACNVGGGTWTCTAAT,B16S_85R,B16S_85F
AGGCATCTGCTC,GT,GTGYCAGCMGCCGCGGTAA,AGGCATCTGCTCGTGTGYCAGCMGCCGCGGTAA,CC,GGACTACNVGGGTWTCTAAT,AGGCATCTGCTCCCGGACTACNVGGGTWTCTAAT,B16S_86R,B16S_86F
AGGCTCCATGTA,GT,GTGYCAGCMGCCGCGGTAA,AGGCTCCATGTAGTGTGYCAGCMGCCGCGGTAA,CC,GGACTACNVGGGTWTCTAAT,AGGCTCCATGTACCGGACTACNVGGGTWTCTAAT,B16S_87R,B16S_87F
AGGCTTACGTGT,GT,GTGYCAGCMGCCGCGGTAA,AGGCTTACGTGTGTGTGYCAGCMGCCGCGGTAA,CC,GGACTACNVGGGTWTCTAAT,AGGCTTACGTGTCCGGACTACNVGGGTWTCTAAT,B16S_88R,B16S_88F
AGGTCCAAATCA,GT,GTGYCAGCMGCCGCGGTAA,AGGTCCAAATCAGTGTGYCAGCMGCCGCGGTAA,CC,GGACTACNVGGGTWTCTAAT,AGGTCCAAATCACCGGACTACNVGGGTWTCTAAT,B16S_89R,B16S_89F
AGGTGTATCACC,GT,GTGYCAGCMGCCGCGGTAA,AGGTGTATCACCGTGTGYCAGCMGCCGCGGTAA,CC,GGACTACNVGGGTWTCTAAT,AGGTGTATCACCCCGGACTACNVGGGTWTCTAAT,B16S_90R,B16S_90F
AGGTTCTTAGGC,GT,GTGYCAGCMGCCGCGGTAA,AGGTTCTTAGGCGTGTGYCAGCMGCCGCGGTAA,CC,GGACTACNVGGGTWTCTAAT,AGGTTCTTAGGCCCGGACTACNVGGGTWTCTAAT,B16S_91R,B16S_91F
AGGTTTGGCTTG,GT,GTGYCAGCMGCCGCGGTAA,AGGTTTGGCTTGGTGTGYCAGCMGCCGCGGTAA,CC,GGACTACNVGGGTWTCTAAT,AGGTTTGGCTTGCCGGACTACNVGGGTWTCTAAT,B16S_92R,B16S_92F
AGTAGACTTACG,GT,GTGYCAGCMGCCGCGGTAA,AGTAGACTTACGGTGTGYCAGCMGCCGCGGTAA,CC,GGACTACNVGGGTWTCTAAT,AGTAGACTTACGCCGGACTACNVGGGTWTCTAAT,B16S_93R,B16S_93F
AGTATTCGCGCA,GT,GTGYCAGCMGCCGCGGTAA,AGTATTCGCGCAGTGTGYCAGCMGCCGCGGTAA,CC,GGACTACNVGGGTWTCTAAT,AGTATTCGCGCACCGGACTACNVGGGTWTCTAAT,B16S_94R,B16S_94F
AGTCATCGAATG,GT,GTGYCAGCMGCCGCGGTAA,AGTCATCGAATGGTGTGYCAGCMGCCGCGGTAA,CC,GGACTACNVGGGTWTCTAAT,AGTCATCGAATGCCGGACTACNVGGGTWTCTAAT,B16S_95R,B16S_95F
AGTCGCTACACA,GT,GTGYCAGCMGCCGCGGTAA,AGTCGCTACACAGTGTGYCAGCMGCCGCGGTAA,CC,GGACTACNVGGGTWTCTAAT,AGTCGCTACACACCGGACTACNVGGGTWTCTAAT,B16S_96R,B16S_96F
AGTCTAGAGTAC,GT,GTGYCAGCMGCCGCGGTAA,AGTCTAGAGTACGTGTGYCAGCMGCCGCGGTAA,CC,GGACTACNVGGGTWTCTAAT,AGTCTAGAGTACCCGGACTACNVGGGTWTCTAAT,B16S_97R,B16S_97F
AGTGTTTCGGAC,GT,GTGYCAGCMGCCGCGGTAA,AGTGTTTCGGACGTGTGYCAGCMGCCGCGGTAA,CC,GGACTACNVGGGTWTCTAAT,AGTGTTTCGGACCCGGACTACNVGGGTWTCTAAT,B16S_98R,B16S_98F
AGTTGAGGCATT,GT,GTGYCAGCMGCCGCGGTAA,AGTTGAGGCATTGTGTGYCAGCMGCCGCGGTAA,CC,GGACTACNVGGGTWTCTAAT,AGTTGAGGCATTCCGGACTACNVGGGTWTCTAAT,B16S_99R,B16S_99F
AGTTGCCTGAAC,GT,GTGYCAGCMGCCGCGGTAA,AGTTGCCTGAACGTGTGYCAGCMGCCGCGGTAA,CC,GGACTACNVGGGTWTCTAAT,AGTTGCCTGAACCCGGACTACNVGGGTWTCTAAT,B16S_100R,B16S_100F
AGTTGGTTACGA,GT,GTGYCAGCMGCCGCGGTAA,AGTTGGTTACGAGTGTGYCAGCMGCCGCGGTAA,CC,GGACTACNVGGGTWTCTAAT,AGTTGGTTACGACCGGACTACNVGGGTWTCTAAT,B16S_101R,B16S_101F
AGTTGTAGTCCG,GT,GTGYCAGCMGCCGCGGTAA,AGTTGTAGTCCGGTGTGYCAGCMGCCGCGGTAA,CC,GGACTACNVGGGTWTCTAAT,AGTTGTAGTCCGCCGGACTACNVGGGTWTCTAAT,B16S_102R,B16S_102F
AGTTTCTGGTGG,GT,GTGYCAGCMGCCGCGGTAA,AGTTTCTGGTGGGTGTGYCAGCMGCCGCGGTAA,CC,GGACTACNVGGGTWTCTAAT,AGTTTCTGGTGGCCGGACTACNVGGGTWTCTAAT,B16S_103R,B16S_103F
AGTTTGCGAGAT,GT,GTGYCAGCMGCCGCGGTAA,AGTTTGCGAGATGTGTGYCAGCMGCCGCGGTAA,CC,GGACTACNVGGGTWTCTAAT,AGTTTGCGAGATCCGGACTACNVGGGTWTCTAAT,B16S_104R,B16S_104F
ATAAAGAGGAGG,GT,GTGYCAGCMGCCGCGGTAA,ATAAAGAGGAGGGTGTGYCAGCMGCCGCGGTAA,CC,GGACTACNVGGGTWTCTAAT,ATAAAGAGGAGGCCGGACTACNVGGGTWTCTAAT,B16S_105R,B16S_105F
ATAACGGTGTAC,GT,GTGYCAGCMGCCGCGGTAA,ATAACGGTGTACGTGTGYCAGCMGCCGCGGTAA,CC,GGACTACNVGGGTWTCTAAT,ATAACGGTGTACCCGGACTACNVGGGTWTCTAAT,B16S_106R,B16S_106F
ATAAGCCCAATG,GT,GTGYCAGCMGCCGCGGTAA,ATAAGCCCAATGGTGTGYCAGCMGCCGCGGTAA,CC,GGACTACNVGGGTWTCTAAT,ATAAGCCCAATGCCGGACTACNVGGGTWTCTAAT,B16S_107R,B16S_107F
ATAAGTAACCGC,GT,GTGYCAGCMGCCGCGGTAA,ATAAGTAACCGCGTGTGYCAGCMGCCGCGGTAA,CC,GGACTACNVGGGTWTCTAAT,ATAAGTAACCGCCCGGACTACNVGGGTWTCTAAT,B16S_108R,B16S_108F
ATAGCCGATGTC,GT,GTGYCAGCMGCCGCGGTAA,ATAGCCGATGTCGTGTGYCAGCMGCCGCGGTAA,CC,GGACTACNVGGGTWTCTAAT,ATAGCCGATGTCCCGGACTACNVGGGTWTCTAAT,B16S_109R,B16S_109F
ATAGCGAACTCA,GT,GTGYCAGCMGCCGCGGTAA,ATAGCGAACTCAGTGTGYCAGCMGCCGCGGTAA,CC,GGACTACNVGGGTWTCTAAT,ATAGCGAACTCACCGGACTACNVGGGTWTCTAAT,B16S_110R,B16S_110F
ATAGCTTCGTGG,GT,GTGYCAGCMGCCGCGGTAA,ATAGCTTCGTGGGTGTGYCAGCMGCCGCGGTAA,CC,GGACTACNVGGGTWTCTAAT,ATAGCTTCGTGGCCGGACTACNVGGGTWTCTAAT,B16S_111R,B16S_111F
ATATAAGGCCCA,GT,GTGYCAGCMGCCGCGGTAA,ATATAAGGCCCAGTGTGYCAGCMGCCGCGGTAA,CC,GGACTACNVGGGTWTCTAAT,ATATAAGGCCCACCGGACTACNVGGGTWTCTAAT,B16S_112R,B16S_112F
ATATACCTGCGG,GT,GTGYCAGCMGCCGCGGTAA,ATATACCTGCGGGTGTGYCAGCMGCCGCGGTAA,CC,GGACTACNVGGGTWTCTAAT,ATATACCTGCGGCCGGACTACNVGGGTWTCTAAT,B16S_113R,B16S_113F
ATCACATTCTCC,GT,GTGYCAGCMGCCGCGGTAA,ATCACATTCTCCGTGTGYCAGCMGCCGCGGTAA,CC,GGACTACNVGGGTWTCTAAT,ATCACATTCTCCCCGGACTACNVGGGTWTCTAAT,B16S_114R,B16S_114F
ATCACCAGGTGT,GT,GTGYCAGCMGCCGCGGTAA,ATCACCAGGTGTGTGTGYCAGCMGCCGCGGTAA,CC,GGACTACNVGGGTWTCTAAT,ATCACCAGGTGTCCGGACTACNVGGGTWTCTAAT,B16S_115R,B16S_115F
ATCCATGAGCGT,GT,GTGYCAGCMGCCGCGGTAA,ATCCATGAGCGTGTGTGYCAGCMGCCGCGGTAA,CC,GGACTACNVGGGTWTCTAAT,ATCCATGAGCGTCCGGACTACNVGGGTWTCTAAT,B16S_116R,B16S_116F
ATCCCAGCATGC,GT,GTGYCAGCMGCCGCGGTAA,ATCCCAGCATGCGTGTGYCAGCMGCCGCGGTAA,CC,GGACTACNVGGGTWTCTAAT,ATCCCAGCATGCCCGGACTACNVGGGTWTCTAAT,B16S_117R,B16S_117F
ATCGAATCGAGT,GT,GTGYCAGCMGCCGCGGTAA,ATCGAATCGAGTGTGTGYCAGCMGCCGCGGTAA,CC,GGACTACNVGGGTWTCTAAT,ATCGAATCGAGTCCGGACTACNVGGGTWTCTAAT,B16S_118R,B16S_118F
ATCGACAACACC,GT,GTGYCAGCMGCCGCGGTAA,ATCGACAACACCGTGTGYCAGCMGCCGCGGTAA,CC,GGACTACNVGGGTWTCTAAT,ATCGACAACACCCCGGACTACNVGGGTWTCTAAT,B16S_119R,B16S_119F
ATCTTGGAGTCG,GT,GTGYCAGCMGCCGCGGTAA,ATCTTGGAGTCGGTGTGYCAGCMGCCGCGGTAA,CC,GGACTACNVGGGTWTCTAAT,ATCTTGGAGTCGCCGGACTACNVGGGTWTCTAAT,B16S_120R,B16S_120F
ATCTTTCCCTGA,GT,GTGYCAGCMGCCGCGGTAA,ATCTTTCCCTGAGTGTGYCAGCMGCCGCGGTAA,CC,GGACTACNVGGGTWTCTAAT,ATCTTTCCCTGACCGGACTACNVGGGTWTCTAAT,B16S_121R,B16S_121F
ATGATCGGTACA,GT,GTGYCAGCMGCCGCGGTAA,ATGATCGGTACAGTGTGYCAGCMGCCGCGGTAA,CC,GGACTACNVGGGTWTCTAAT,ATGATCGGTACACCGGACTACNVGGGTWTCTAAT,B16S_122R,B16S_122F
ATGCGCCCGTAT,GT,GTGYCAGCMGCCGCGGTAA,ATGCGCCCGTATGTGTGYCAGCMGCCGCGGTAA,CC,GGACTACNVGGGTWTCTAAT,ATGCGCCCGTATCCGGACTACNVGGGTWTCTAAT,B16S_123R,B16S_123F
ATGCTAACCACG,GT,GTGYCAGCMGCCGCGGTAA,ATGCTAACCACGGTGTGYCAGCMGCCGCGGTAA,CC,GGACTACNVGGGTWTCTAAT,ATGCTAACCACGCCGGACTACNVGGGTWTCTAAT,B16S_124R,B16S_124F
ATGCTGCAACAC,GT,GTGYCAGCMGCCGCGGTAA,ATGCTGCAACACGTGTGYCAGCMGCCGCGGTAA,CC,GGACTACNVGGGTWTCTAAT,ATGCTGCAACACCCGGACTACNVGGGTWTCTAAT,B16S_125R,B16S_125F
ATGCTTGCTCTT,GT,GTGYCAGCMGCCGCGGTAA,ATGCTTGCTCTTGTGTGYCAGCMGCCGCGGTAA,CC,GGACTACNVGGGTWTCTAAT,ATGCTTGCTCTTCCGGACTACNVGGGTWTCTAAT,B16S_126R,B16S_126F
ATGGACCTAGCT,GT,GTGYCAGCMGCCGCGGTAA,ATGGACCTAGCTGTGTGYCAGCMGCCGCGGTAA,CC,GGACTACNVGGGTWTCTAAT,ATGGACCTAGCTCCGGACTACNVGGGTWTCTAAT,B16S_127R,B16S_127F
ATGGCCTGACTA,GT,GTGYCAGCMGCCGCGGTAA,ATGGCCTGACTAGTGTGYCAGCMGCCGCGGTAA,CC,GGACTACNVGGGTWTCTAAT,ATGGCCTGACTACCGGACTACNVGGGTWTCTAAT,B16S_128R,B16S_128F
ATGGCTGTCAGT,GT,GTGYCAGCMGCCGCGGTAA,ATGGCTGTCAGTGTGTGYCAGCMGCCGCGGTAA,CC,GGACTACNVGGGTWTCTAAT,ATGGCTGTCAGTCCGGACTACNVGGGTWTCTAAT,B16S_129R,B16S_129F
ATGGGACCTTCA,GT,GTGYCAGCMGCCGCGGTAA,ATGGGACCTTCAGTGTGYCAGCMGCCGCGGTAA,CC,GGACTACNVGGGTWTCTAAT,ATGGGACCTTCACCGGACTACNVGGGTWTCTAAT,B16S_130R,B16S_130F
ATGGGTTCCGTC,GT,GTGYCAGCMGCCGCGGTAA,ATGGGTTCCGTCGTGTGYCAGCMGCCGCGGTAA,CC,GGACTACNVGGGTWTCTAAT,ATGGGTTCCGTCCCGGACTACNVGGGTWTCTAAT,B16S_131R,B16S_131F
ATGTACACCGGT,GT,GTGYCAGCMGCCGCGGTAA,ATGTACACCGGTGTGTGYCAGCMGCCGCGGTAA,CC,GGACTACNVGGGTWTCTAAT,ATGTACACCGGTCCGGACTACNVGGGTWTCTAAT,B16S_132R,B16S_132F
ATGTAGGCTTAG,GT,GTGYCAGCMGCCGCGGTAA,ATGTAGGCTTAGGTGTGYCAGCMGCCGCGGTAA,CC,GGACTACNVGGGTWTCTAAT,ATGTAGGCTTAGCCGGACTACNVGGGTWTCTAAT,B16S_133R,B16S_133F
ATGTTTAGACGG,GT,GTGYCAGCMGCCGCGGTAA,ATGTTTAGACGGGTGTGYCAGCMGCCGCGGTAA,CC,GGACTACNVGGGTWTCTAAT,ATGTTTAGACGGCCGGACTACNVGGGTWTCTAAT,B16S_134R,B16S_134F
ATTCCTCTCCAC,GT,GTGYCAGCMGCCGCGGTAA,ATTCCTCTCCACGTGTGYCAGCMGCCGCGGTAA,CC,GGACTACNVGGGTWTCTAAT,ATTCCTCTCCACCCGGACTACNVGGGTWTCTAAT,B16S_135R,B16S_135F
ATTCGAGCTGTG,GT,GTGYCAGCMGCCGCGGTAA,ATTCGAGCTGTGGTGTGYCAGCMGCCGCGGTAA,CC,GGACTACNVGGGTWTCTAAT,ATTCGAGCTGTGCCGGACTACNVGGGTWTCTAAT,B16S_136R,B16S_136F
ATTCGCCAAGAA,GT,GTGYCAGCMGCCGCGGTAA,ATTCGCCAAGAAGTGTGYCAGCMGCCGCGGTAA,CC,GGACTACNVGGGTWTCTAAT,ATTCGCCAAGAACCGGACTACNVGGGTWTCTAAT,B16S_137R,B16S_137F
ATTTAGGACGAC,GT,GTGYCAGCMGCCGCGGTAA,ATTTAGGACGACGTGTGYCAGCMGCCGCGGTAA,CC,GGACTACNVGGGTWTCTAAT,ATTTAGGACGACCCGGACTACNVGGGTWTCTAAT,B16S_138R,B16S_138F
CAACCACTCGGT,GT,GTGYCAGCMGCCGCGGTAA,CAACCACTCGGTGTGTGYCAGCMGCCGCGGTAA,CC,GGACTACNVGGGTWTCTAAT,CAACCACTCGGTCCGGACTACNVGGGTWTCTAAT,B16S_139R,B16S_139F
CAACGTGCTCCA,GT,GTGYCAGCMGCCGCGGTAA,CAACGTGCTCCAGTGTGYCAGCMGCCGCGGTAA,CC,GGACTACNVGGGTWTCTAAT,CAACGTGCTCCACCGGACTACNVGGGTWTCTAAT,B16S_140R,B16S_140F
CAAGAAATTCGC,GT,GTGYCAGCMGCCGCGGTAA,CAAGAAATTCGCGTGTGYCAGCMGCCGCGGTAA,CC,GGACTACNVGGGTWTCTAAT,CAAGAAATTCGCCCGGACTACNVGGGTWTCTAAT,B16S_141R,B16S_141F
CAAGACTGACCT,GT,GTGYCAGCMGCCGCGGTAA,CAAGACTGACCTGTGTGYCAGCMGCCGCGGTAA,CC,GGACTACNVGGGTWTCTAAT,CAAGACTGACCTCCGGACTACNVGGGTWTCTAAT,B16S_142R,B16S_142F
CAAGAGCGGATG,GT,GTGYCAGCMGCCGCGGTAA,CAAGAGCGGATGGTGTGYCAGCMGCCGCGGTAA,CC,GGACTACNVGGGTWTCTAAT,CAAGAGCGGATGCCGGACTACNVGGGTWTCTAAT,B16S_143R,B16S_143F
CAAGTCGAATAC,GT,GTGYCAGCMGCCGCGGTAA,CAAGTCGAATACGTGTGYCAGCMGCCGCGGTAA,CC,GGACTACNVGGGTWTCTAAT,CAAGTCGAATACCCGGACTACNVGGGTWTCTAAT,B16S_144R,B16S_144F
CAAGTGAAGGGA,GT,GTGYCAGCMGCCGCGGTAA,CAAGTGAAGGGAGTGTGYCAGCMGCCGCGGTAA,CC,GGACTACNVGGGTWTCTAAT,CAAGTGAAGGGACCGGACTACNVGGGTWTCTAAT,B16S_145R,B16S_145F
CAATTCTGCTTC,GT,GTGYCAGCMGCCGCGGTAA,CAATTCTGCTTCGTGTGYCAGCMGCCGCGGTAA,CC,GGACTACNVGGGTWTCTAAT,CAATTCTGCTTCCCGGACTACNVGGGTWTCTAAT,B16S_146R,B16S_146F
CACAAGTATCGA,GT,GTGYCAGCMGCCGCGGTAA,CACAAGTATCGAGTGTGYCAGCMGCCGCGGTAA,CC,GGACTACNVGGGTWTCTAAT,CACAAGTATCGACCGGACTACNVGGGTWTCTAAT,B16S_147R,B16S_147F
CACAATACACCG,GT,GTGYCAGCMGCCGCGGTAA,CACAATACACCGGTGTGYCAGCMGCCGCGGTAA,CC,GGACTACNVGGGTWTCTAAT,CACAATACACCGCCGGACTACNVGGGTWTCTAAT,B16S_148R,B16S_148F
CACAGCGTCCTA,GT,GTGYCAGCMGCCGCGGTAA,CACAGCGTCCTAGTGTGYCAGCMGCCGCGGTAA,CC,GGACTACNVGGGTWTCTAAT,CACAGCGTCCTACCGGACTACNVGGGTWTCTAAT,B16S_149R,B16S_149F
CACATGGGTTTG,GT,GTGYCAGCMGCCGCGGTAA,CACATGGGTTTGGTGTGYCAGCMGCCGCGGTAA,CC,GGACTACNVGGGTWTCTAAT,CACATGGGTTTGCCGGACTACNVGGGTWTCTAAT,B16S_150R,B16S_150F
CACCCACGTTGA,GT,GTGYCAGCMGCCGCGGTAA,CACCCACGTTGAGTGTGYCAGCMGCCGCGGTAA,CC,GGACTACNVGGGTWTCTAAT,CACCCACGTTGACCGGACTACNVGGGTWTCTAAT,B16S_151R,B16S_151F
CACGAGCTACTC,GT,GTGYCAGCMGCCGCGGTAA,CACGAGCTACTCGTGTGYCAGCMGCCGCGGTAA,CC,GGACTACNVGGGTWTCTAAT,CACGAGCTACTCCCGGACTACNVGGGTWTCTAAT,B16S_152R,B16S_152F
CACGATGGTCAT,GT,GTGYCAGCMGCCGCGGTAA,CACGATGGTCATGTGTGYCAGCMGCCGCGGTAA,CC,GGACTACNVGGGTWTCTAAT,CACGATGGTCATCCGGACTACNVGGGTWTCTAAT,B16S_153R,B16S_153F
CACGCAGTCTAC,GT,GTGYCAGCMGCCGCGGTAA,CACGCAGTCTACGTGTGYCAGCMGCCGCGGTAA,CC,GGACTACNVGGGTWTCTAAT,CACGCAGTCTACCCGGACTACNVGGGTWTCTAAT,B16S_154R,B16S_154F
CACGCTATTGGA,GT,GTGYCAGCMGCCGCGGTAA,CACGCTATTGGAGTGTGYCAGCMGCCGCGGTAA,CC,GGACTACNVGGGTWTCTAAT,CACGCTATTGGACCGGACTACNVGGGTWTCTAAT,B16S_155R,B16S_155F
CACTAACAAACG,GT,GTGYCAGCMGCCGCGGTAA,CACTAACAAACGGTGTGYCAGCMGCCGCGGTAA,CC,GGACTACNVGGGTWTCTAAT,CACTAACAAACGCCGGACTACNVGGGTWTCTAAT,B16S_156R,B16S_156F
CACTCATCATTC,GT,GTGYCAGCMGCCGCGGTAA,CACTCATCATTCGTGTGYCAGCMGCCGCGGTAA,CC,GGACTACNVGGGTWTCTAAT,CACTCATCATTCCCGGACTACNVGGGTWTCTAAT,B16S_157R,B16S_157F
CACTTTGGGTGC,GT,GTGYCAGCMGCCGCGGTAA,CACTTTGGGTGCGTGTGYCAGCMGCCGCGGTAA,CC,GGACTACNVGGGTWTCTAAT,CACTTTGGGTGCCCGGACTACNVGGGTWTCTAAT,B16S_158R,B16S_158F
CAGAAATGTGTC,GT,GTGYCAGCMGCCGCGGTAA,CAGAAATGTGTCGTGTGYCAGCMGCCGCGGTAA,CC,GGACTACNVGGGTWTCTAAT,CAGAAATGTGTCCCGGACTACNVGGGTWTCTAAT,B16S_159R,B16S_159F
CAGCCTGCAAAT,GT,GTGYCAGCMGCCGCGGTAA,CAGCCTGCAAATGTGTGYCAGCMGCCGCGGTAA,CC,GGACTACNVGGGTWTCTAAT,CAGCCTGCAAATCCGGACTACNVGGGTWTCTAAT,B16S_160R,B16S_160F
CAGCTTCGACTG,GT,GTGYCAGCMGCCGCGGTAA,CAGCTTCGACTGGTGTGYCAGCMGCCGCGGTAA,CC,GGACTACNVGGGTWTCTAAT,CAGCTTCGACTGCCGGACTACNVGGGTWTCTAAT,B16S_161R,B16S_161F
CAGGGCCTTTGT,GT,GTGYCAGCMGCCGCGGTAA,CAGGGCCTTTGTGTGTGYCAGCMGCCGCGGTAA,CC,GGACTACNVGGGTWTCTAAT,CAGGGCCTTTGTCCGGACTACNVGGGTWTCTAAT,B16S_162R,B16S_162F
CAGGGTAGGGTA,GT,GTGYCAGCMGCCGCGGTAA,CAGGGTAGGGTAGTGTGYCAGCMGCCGCGGTAA,CC,GGACTACNVGGGTWTCTAAT,CAGGGTAGGGTACCGGACTACNVGGGTWTCTAAT,B16S_163R,B16S_163F
CAGTAAATCGCA,GT,GTGYCAGCMGCCGCGGTAA,CAGTAAATCGCAGTGTGYCAGCMGCCGCGGTAA,CC,GGACTACNVGGGTWTCTAAT,CAGTAAATCGCACCGGACTACNVGGGTWTCTAAT,B16S_164R,B16S_164F
CAGTAGCGATAT,GT,GTGYCAGCMGCCGCGGTAA,CAGTAGCGATATGTGTGYCAGCMGCCGCGGTAA,CC,GGACTACNVGGGTWTCTAAT,CAGTAGCGATATCCGGACTACNVGGGTWTCTAAT,B16S_165R,B16S_165F
CAGTGATACTGC,GT,GTGYCAGCMGCCGCGGTAA,CAGTGATACTGCGTGTGYCAGCMGCCGCGGTAA,CC,GGACTACNVGGGTWTCTAAT,CAGTGATACTGCCCGGACTACNVGGGTWTCTAAT,B16S_166R,B16S_166F
CAGTGCACGTCT,GT,GTGYCAGCMGCCGCGGTAA,CAGTGCACGTCTGTGTGYCAGCMGCCGCGGTAA,CC,GGACTACNVGGGTWTCTAAT,CAGTGCACGTCTCCGGACTACNVGGGTWTCTAAT,B16S_167R,B16S_167F
CAGTTACCCAAG,GT,GTGYCAGCMGCCGCGGTAA,CAGTTACCCAAGGTGTGYCAGCMGCCGCGGTAA,CC,GGACTACNVGGGTWTCTAAT,CAGTTACCCAAGCCGGACTACNVGGGTWTCTAAT,B16S_168R,B16S_168F
CATAAGGGAGGC,GT,GTGYCAGCMGCCGCGGTAA,CATAAGGGAGGCGTGTGYCAGCMGCCGCGGTAA,CC,GGACTACNVGGGTWTCTAAT,CATAAGGGAGGCCCGGACTACNVGGGTWTCTAAT,B16S_169R,B16S_169F
CATACACGCACC,GT,GTGYCAGCMGCCGCGGTAA,CATACACGCACCGTGTGYCAGCMGCCGCGGTAA,CC,GGACTACNVGGGTWTCTAAT,CATACACGCACCCCGGACTACNVGGGTWTCTAAT,B16S_170R,B16S_170F
CATACGATACAG,GT,GTGYCAGCMGCCGCGGTAA,CATACGATACAGGTGTGYCAGCMGCCGCGGTAA,CC,GGACTACNVGGGTWTCTAAT,CATACGATACAGCCGGACTACNVGGGTWTCTAAT,B16S_171R,B16S_171F
CATAGCTCGGTC,GT,GTGYCAGCMGCCGCGGTAA,CATAGCTCGGTCGTGTGYCAGCMGCCGCGGTAA,CC,GGACTACNVGGGTWTCTAAT,CATAGCTCGGTCCCGGACTACNVGGGTWTCTAAT,B16S_172R,B16S_172F
CATATCCAGCCG,GT,GTGYCAGCMGCCGCGGTAA,CATATCCAGCCGGTGTGYCAGCMGCCGCGGTAA,CC,GGACTACNVGGGTWTCTAAT,CATATCCAGCCGCCGGACTACNVGGGTWTCTAAT,B16S_173R,B16S_173F
CATCGACGAGTT,GT,GTGYCAGCMGCCGCGGTAA,CATCGACGAGTTGTGTGYCAGCMGCCGCGGTAA,CC,GGACTACNVGGGTWTCTAAT,CATCGACGAGTTCCGGACTACNVGGGTWTCTAAT,B16S_174R,B16S_174F
CATCGCGTTGAC,GT,GTGYCAGCMGCCGCGGTAA,CATCGCGTTGACGTGTGYCAGCMGCCGCGGTAA,CC,GGACTACNVGGGTWTCTAAT,CATCGCGTTGACCCGGACTACNVGGGTWTCTAAT,B16S_175R,B16S_175F
CATTATGGCGTG,GT,GTGYCAGCMGCCGCGGTAA,CATTATGGCGTGGTGTGYCAGCMGCCGCGGTAA,CC,GGACTACNVGGGTWTCTAAT,CATTATGGCGTGCCGGACTACNVGGGTWTCTAAT,B16S_176R,B16S_176F
CATTTGACGACG,GT,GTGYCAGCMGCCGCGGTAA,CATTTGACGACGGTGTGYCAGCMGCCGCGGTAA,CC,GGACTACNVGGGTWTCTAAT,CATTTGACGACGCCGGACTACNVGGGTWTCTAAT,B16S_177R,B16S_177F
CCAAAGCCAGTT,GT,GTGYCAGCMGCCGCGGTAA,CCAAAGCCAGTTGTGTGYCAGCMGCCGCGGTAA,CC,GGACTACNVGGGTWTCTAAT,CCAAAGCCAGTTCCGGACTACNVGGGTWTCTAAT,B16S_178R,B16S_178F
CCAAATGATGAC,GT,GTGYCAGCMGCCGCGGTAA,CCAAATGATGACGTGTGYCAGCMGCCGCGGTAA,CC,GGACTACNVGGGTWTCTAAT,CCAAATGATGACCCGGACTACNVGGGTWTCTAAT,B16S_179R,B16S_179F
CCAACAGCCAAT,GT,GTGYCAGCMGCCGCGGTAA,CCAACAGCCAATGTGTGYCAGCMGCCGCGGTAA,CC,GGACTACNVGGGTWTCTAAT,CCAACAGCCAATCCGGACTACNVGGGTWTCTAAT,B16S_180R,B16S_180F
CCAACCCAGATC,GT,GTGYCAGCMGCCGCGGTAA,CCAACCCAGATCGTGTGYCAGCMGCCGCGGTAA,CC,GGACTACNVGGGTWTCTAAT,CCAACCCAGATCCCGGACTACNVGGGTWTCTAAT,B16S_181R,B16S_181F
CCAATGATAAGC,GT,GTGYCAGCMGCCGCGGTAA,CCAATGATAAGCGTGTGYCAGCMGCCGCGGTAA,CC,GGACTACNVGGGTWTCTAAT,CCAATGATAAGCCCGGACTACNVGGGTWTCTAAT,B16S_182R,B16S_182F
CCAGCCTTCAGA,GT,GTGYCAGCMGCCGCGGTAA,CCAGCCTTCAGAGTGTGYCAGCMGCCGCGGTAA,CC,GGACTACNVGGGTWTCTAAT,CCAGCCTTCAGACCGGACTACNVGGGTWTCTAAT,B16S_183R,B16S_183F
CCAGGACAGGAA,GT,GTGYCAGCMGCCGCGGTAA,CCAGGACAGGAAGTGTGYCAGCMGCCGCGGTAA,CC,GGACTACNVGGGTWTCTAAT,CCAGGACAGGAACCGGACTACNVGGGTWTCTAAT,B16S_184R,B16S_184F
CCAGGGACTTCT,GT,GTGYCAGCMGCCGCGGTAA,CCAGGGACTTCTGTGTGYCAGCMGCCGCGGTAA,CC,GGACTACNVGGGTWTCTAAT,CCAGGGACTTCTCCGGACTACNVGGGTWTCTAAT,B16S_185R,B16S_185F
CCGACATTGTAG,GT,GTGYCAGCMGCCGCGGTAA,CCGACATTGTAGGTGTGYCAGCMGCCGCGGTAA,CC,GGACTACNVGGGTWTCTAAT,CCGACATTGTAGCCGGACTACNVGGGTWTCTAAT,B16S_186R,B16S_186F
CCGACCAGCTTA,GT,GTGYCAGCMGCCGCGGTAA,CCGACCAGCTTAGTGTGYCAGCMGCCGCGGTAA,CC,GGACTACNVGGGTWTCTAAT,CCGACCAGCTTACCGGACTACNVGGGTWTCTAAT,B16S_187R,B16S_187F
CCGATTGAATCG,GT,GTGYCAGCMGCCGCGGTAA,CCGATTGAATCGGTGTGYCAGCMGCCGCGGTAA,CC,GGACTACNVGGGTWTCTAAT,CCGATTGAATCGCCGGACTACNVGGGTWTCTAAT,B16S_188R,B16S_188F
CCGCTACGTGAT,GT,GTGYCAGCMGCCGCGGTAA,CCGCTACGTGATGTGTGYCAGCMGCCGCGGTAA,CC,GGACTACNVGGGTWTCTAAT,CCGCTACGTGATCCGGACTACNVGGGTWTCTAAT,B16S_189R,B16S_189F
CCGCTGATGTCA,GT,GTGYCAGCMGCCGCGGTAA,CCGCTGATGTCAGTGTGYCAGCMGCCGCGGTAA,CC,GGACTACNVGGGTWTCTAAT,CCGCTGATGTCACCGGACTACNVGGGTWTCTAAT,B16S_190R,B16S_190F
CCTCATGCTATT,GT,GTGYCAGCMGCCGCGGTAA,CCTCATGCTATTGTGTGYCAGCMGCCGCGGTAA,CC,GGACTACNVGGGTWTCTAAT,CCTCATGCTATTCCGGACTACNVGGGTWTCTAAT,B16S_191R,B16S_191F
CCTCGATGCAGT,GT,GTGYCAGCMGCCGCGGTAA,CCTCGATGCAGTGTGTGYCAGCMGCCGCGGTAA,CC,GGACTACNVGGGTWTCTAAT,CCTCGATGCAGTCCGGACTACNVGGGTWTCTAAT,B16S_192R,B16S_192F
CCTCGGGTACTA,GT,GTGYCAGCMGCCGCGGTAA,CCTCGGGTACTAGTGTGYCAGCMGCCGCGGTAA,CC,GGACTACNVGGGTWTCTAAT,CCTCGGGTACTACCGGACTACNVGGGTWTCTAAT,B16S_193R,B16S_193F
CCTGTCCTATCT,GT,GTGYCAGCMGCCGCGGTAA,CCTGTCCTATCTGTGTGYCAGCMGCCGCGGTAA,CC,GGACTACNVGGGTWTCTAAT,CCTGTCCTATCTCCGGACTACNVGGGTWTCTAAT,B16S_194R,B16S_194F
CCTTCAATGGGA,GT,GTGYCAGCMGCCGCGGTAA,CCTTCAATGGGAGTGTGYCAGCMGCCGCGGTAA,CC,GGACTACNVGGGTWTCTAAT,CCTTCAATGGGACCGGACTACNVGGGTWTCTAAT,B16S_195R,B16S_195F
CCTTTATAGTCC,GT,GTGYCAGCMGCCGCGGTAA,CCTTTATAGTCCGTGTGYCAGCMGCCGCGGTAA,CC,GGACTACNVGGGTWTCTAAT,CCTTTATAGTCCCCGGACTACNVGGGTWTCTAAT,B16S_196R,B16S_196F
CCTTTGGCTGAG,GT,GTGYCAGCMGCCGCGGTAA,CCTTTGGCTGAGGTGTGYCAGCMGCCGCGGTAA,CC,GGACTACNVGGGTWTCTAAT,CCTTTGGCTGAGCCGGACTACNVGGGTWTCTAAT,B16S_197R,B16S_197F
CGAAACTACGTA,GT,GTGYCAGCMGCCGCGGTAA,CGAAACTACGTAGTGTGYCAGCMGCCGCGGTAA,CC,GGACTACNVGGGTWTCTAAT,CGAAACTACGTACCGGACTACNVGGGTWTCTAAT,B16S_198R,B16S_198F
CGAACGTCTATG,GT,GTGYCAGCMGCCGCGGTAA,CGAACGTCTATGGTGTGYCAGCMGCCGCGGTAA,CC,GGACTACNVGGGTWTCTAAT,CGAACGTCTATGCCGGACTACNVGGGTWTCTAAT,B16S_199R,B16S_199F
CGAAGCATCTAC,GT,GTGYCAGCMGCCGCGGTAA,CGAAGCATCTACGTGTGYCAGCMGCCGCGGTAA,CC,GGACTACNVGGGTWTCTAAT,CGAAGCATCTACCCGGACTACNVGGGTWTCTAAT,B16S_200R,B16S_200F
CGACAACTTGTG,GT,GTGYCAGCMGCCGCGGTAA,CGACAACTTGTGGTGTGYCAGCMGCCGCGGTAA,CC,GGACTACNVGGGTWTCTAAT,CGACAACTTGTGCCGGACTACNVGGGTWTCTAAT,B16S_201R,B16S_201F
CGACACGGAGAA,GT,GTGYCAGCMGCCGCGGTAA,CGACACGGAGAAGTGTGYCAGCMGCCGCGGTAA,CC,GGACTACNVGGGTWTCTAAT,CGACACGGAGAACCGGACTACNVGGGTWTCTAAT,B16S_202R,B16S_202F
CGACATTTCTCT,GT,GTGYCAGCMGCCGCGGTAA,CGACATTTCTCTGTGTGYCAGCMGCCGCGGTAA,CC,GGACTACNVGGGTWTCTAAT,CGACATTTCTCTCCGGACTACNVGGGTWTCTAAT,B16S_203R,B16S_203F
CGAGCTGTTACC,GT,GTGYCAGCMGCCGCGGTAA,CGAGCTGTTACCGTGTGYCAGCMGCCGCGGTAA,CC,GGACTACNVGGGTWTCTAAT,CGAGCTGTTACCCCGGACTACNVGGGTWTCTAAT,B16S_204R,B16S_204F
CGATCACCACAA,GT,GTGYCAGCMGCCGCGGTAA,CGATCACCACAAGTGTGYCAGCMGCCGCGGTAA,CC,GGACTACNVGGGTWTCTAAT,CGATCACCACAACCGGACTACNVGGGTWTCTAAT,B16S_205R,B16S_205F
CGATTAGGAATC,GT,GTGYCAGCMGCCGCGGTAA,CGATTAGGAATCGTGTGYCAGCMGCCGCGGTAA,CC,GGACTACNVGGGTWTCTAAT,CGATTAGGAATCCCGGACTACNVGGGTWTCTAAT,B16S_206R,B16S_206F
CGATTGTTCCGG,GT,GTGYCAGCMGCCGCGGTAA,CGATTGTTCCGGGTGTGYCAGCMGCCGCGGTAA,CC,GGACTACNVGGGTWTCTAAT,CGATTGTTCCGGCCGGACTACNVGGGTWTCTAAT,B16S_207R,B16S_207F
CGATTTAGGCCA,GT,GTGYCAGCMGCCGCGGTAA,CGATTTAGGCCAGTGTGYCAGCMGCCGCGGTAA,CC,GGACTACNVGGGTWTCTAAT,CGATTTAGGCCACCGGACTACNVGGGTWTCTAAT,B16S_208R,B16S_208F
CGCCCTCTTCTT,GT,GTGYCAGCMGCCGCGGTAA,CGCCCTCTTCTTGTGTGYCAGCMGCCGCGGTAA,CC,GGACTACNVGGGTWTCTAAT,CGCCCTCTTCTTCCGGACTACNVGGGTWTCTAAT,B16S_209R,B16S_209F
CGCCTAAACCGT,GT,GTGYCAGCMGCCGCGGTAA,CGCCTAAACCGTGTGTGYCAGCMGCCGCGGTAA,CC,GGACTACNVGGGTWTCTAAT,CGCCTAAACCGTCCGGACTACNVGGGTWTCTAAT,B16S_210R,B16S_210F
CGCGAAGTTTCA,GT,GTGYCAGCMGCCGCGGTAA,CGCGAAGTTTCAGTGTGYCAGCMGCCGCGGTAA,CC,GGACTACNVGGGTWTCTAAT,CGCGAAGTTTCACCGGACTACNVGGGTWTCTAAT,B16S_211R,B16S_211F
CGCGCCTTAAAC,GT,GTGYCAGCMGCCGCGGTAA,CGCGCCTTAAACGTGTGYCAGCMGCCGCGGTAA,CC,GGACTACNVGGGTWTCTAAT,CGCGCCTTAAACCCGGACTACNVGGGTWTCTAAT,B16S_212R,B16S_212F
CGCGGTTACTAA,GT,GTGYCAGCMGCCGCGGTAA,CGCGGTTACTAAGTGTGYCAGCMGCCGCGGTAA,CC,GGACTACNVGGGTWTCTAAT,CGCGGTTACTAACCGGACTACNVGGGTWTCTAAT,B16S_213R,B16S_213F
CGCTACAACTCG,GT,GTGYCAGCMGCCGCGGTAA,CGCTACAACTCGGTGTGYCAGCMGCCGCGGTAA,CC,GGACTACNVGGGTWTCTAAT,CGCTACAACTCGCCGGACTACNVGGGTWTCTAAT,B16S_214R,B16S_214F
CGCTCTTAACGG,GT,GTGYCAGCMGCCGCGGTAA,CGCTCTTAACGGGTGTGYCAGCMGCCGCGGTAA,CC,GGACTACNVGGGTWTCTAAT,CGCTCTTAACGGCCGGACTACNVGGGTWTCTAAT,B16S_215R,B16S_215F
CGCTTGTGTAGC,GT,GTGYCAGCMGCCGCGGTAA,CGCTTGTGTAGCGTGTGYCAGCMGCCGCGGTAA,CC,GGACTACNVGGGTWTCTAAT,CGCTTGTGTAGCCCGGACTACNVGGGTWTCTAAT,B16S_216R,B16S_216F
CGGAAGAGAACA,GT,GTGYCAGCMGCCGCGGTAA,CGGAAGAGAACAGTGTGYCAGCMGCCGCGGTAA,CC,GGACTACNVGGGTWTCTAAT,CGGAAGAGAACACCGGACTACNVGGGTWTCTAAT,B16S_217R,B16S_217F
CGGATCTAGTGT,GT,GTGYCAGCMGCCGCGGTAA,CGGATCTAGTGTGTGTGYCAGCMGCCGCGGTAA,CC,GGACTACNVGGGTWTCTAAT,CGGATCTAGTGTCCGGACTACNVGGGTWTCTAAT,B16S_218R,B16S_218F
CGGCGCATTATA,GT,GTGYCAGCMGCCGCGGTAA,CGGCGCATTATAGTGTGYCAGCMGCCGCGGTAA,CC,GGACTACNVGGGTWTCTAAT,CGGCGCATTATACCGGACTACNVGGGTWTCTAAT,B16S_219R,B16S_219F
CGGCTACTATGC,GT,GTGYCAGCMGCCGCGGTAA,CGGCTACTATGCGTGTGYCAGCMGCCGCGGTAA,CC,GGACTACNVGGGTWTCTAAT,CGGCTACTATGCCCGGACTACNVGGGTWTCTAAT,B16S_220R,B16S_220F
CGGTAGTTGATC,GT,GTGYCAGCMGCCGCGGTAA,CGGTAGTTGATCGTGTGYCAGCMGCCGCGGTAA,CC,GGACTACNVGGGTWTCTAAT,CGGTAGTTGATCCCGGACTACNVGGGTWTCTAAT,B16S_221R,B16S_221F
CGGTGGAAGCAA,GT,GTGYCAGCMGCCGCGGTAA,CGGTGGAAGCAAGTGTGYCAGCMGCCGCGGTAA,CC,GGACTACNVGGGTWTCTAAT,CGGTGGAAGCAACCGGACTACNVGGGTWTCTAAT,B16S_222R,B16S_222F
CGTAACGTAATG,GT,GTGYCAGCMGCCGCGGTAA,CGTAACGTAATGGTGTGYCAGCMGCCGCGGTAA,CC,GGACTACNVGGGTWTCTAAT,CGTAACGTAATGCCGGACTACNVGGGTWTCTAAT,B16S_223R,B16S_223F
CGTAAGATGCCT,GT,GTGYCAGCMGCCGCGGTAA,CGTAAGATGCCTGTGTGYCAGCMGCCGCGGTAA,CC,GGACTACNVGGGTWTCTAAT,CGTAAGATGCCTCCGGACTACNVGGGTWTCTAAT,B16S_224R,B16S_224F
CGTAGCCAACAT,GT,GTGYCAGCMGCCGCGGTAA,CGTAGCCAACATGTGTGYCAGCMGCCGCGGTAA,CC,GGACTACNVGGGTWTCTAAT,CGTAGCCAACATCCGGACTACNVGGGTWTCTAAT,B16S_225R,B16S_225F
CGTAGGTAGAGG,GT,GTGYCAGCMGCCGCGGTAA,CGTAGGTAGAGGGTGTGYCAGCMGCCGCGGTAA,CC,GGACTACNVGGGTWTCTAAT,CGTAGGTAGAGGCCGGACTACNVGGGTWTCTAAT,B16S_226R,B16S_226F
CGTATAAATGCG,GT,GTGYCAGCMGCCGCGGTAA,CGTATAAATGCGGTGTGYCAGCMGCCGCGGTAA,CC,GGACTACNVGGGTWTCTAAT,CGTATAAATGCGCCGGACTACNVGGGTWTCTAAT,B16S_227R,B16S_227F
CGTCACTCCAAG,GT,GTGYCAGCMGCCGCGGTAA,CGTCACTCCAAGGTGTGYCAGCMGCCGCGGTAA,CC,GGACTACNVGGGTWTCTAAT,CGTCACTCCAAGCCGGACTACNVGGGTWTCTAAT,B16S_228R,B16S_228F
CGTCCGTATGAA,GT,GTGYCAGCMGCCGCGGTAA,CGTCCGTATGAAGTGTGYCAGCMGCCGCGGTAA,CC,GGACTACNVGGGTWTCTAAT,CGTCCGTATGAACCGGACTACNVGGGTWTCTAAT,B16S_229R,B16S_229F
CGTCGATTGCAC,GT,GTGYCAGCMGCCGCGGTAA,CGTCGATTGCACGTGTGYCAGCMGCCGCGGTAA,CC,GGACTACNVGGGTWTCTAAT,CGTCGATTGCACCCGGACTACNVGGGTWTCTAAT,B16S_230R,B16S_230F
CTAATTCTCTGC,GT,GTGYCAGCMGCCGCGGTAA,CTAATTCTCTGCGTGTGYCAGCMGCCGCGGTAA,CC,GGACTACNVGGGTWTCTAAT,CTAATTCTCTGCCCGGACTACNVGGGTWTCTAAT,B16S_231R,B16S_231F
CTAGCAGTATGA,GT,GTGYCAGCMGCCGCGGTAA,CTAGCAGTATGAGTGTGYCAGCMGCCGCGGTAA,CC,GGACTACNVGGGTWTCTAAT,CTAGCAGTATGACCGGACTACNVGGGTWTCTAAT,B16S_232R,B16S_232F
CTAGCTATGGAC,GT,GTGYCAGCMGCCGCGGTAA,CTAGCTATGGACGTGTGYCAGCMGCCGCGGTAA,CC,GGACTACNVGGGTWTCTAAT,CTAGCTATGGACCCGGACTACNVGGGTWTCTAAT,B16S_233R,B16S_233F
CTAGGCAATCAA,GT,GTGYCAGCMGCCGCGGTAA,CTAGGCAATCAAGTGTGYCAGCMGCCGCGGTAA,CC,GGACTACNVGGGTWTCTAAT,CTAGGCAATCAACCGGACTACNVGGGTWTCTAAT,B16S_234R,B16S_234F
CTAGTACAAGCC,GT,GTGYCAGCMGCCGCGGTAA,CTAGTACAAGCCGTGTGYCAGCMGCCGCGGTAA,CC,GGACTACNVGGGTWTCTAAT,CTAGTACAAGCCCCGGACTACNVGGGTWTCTAAT,B16S_235R,B16S_235F
CTATCATCCTCA,GT,GTGYCAGCMGCCGCGGTAA,CTATCATCCTCAGTGTGYCAGCMGCCGCGGTAA,CC,GGACTACNVGGGTWTCTAAT,CTATCATCCTCACCGGACTACNVGGGTWTCTAAT,B16S_236R,B16S_236F
CTATCGGAAGAT,GT,GTGYCAGCMGCCGCGGTAA,CTATCGGAAGATGTGTGYCAGCMGCCGCGGTAA,CC,GGACTACNVGGGTWTCTAAT,CTATCGGAAGATCCGGACTACNVGGGTWTCTAAT,B16S_237R,B16S_237F
CTCACAACCGTG,GT,GTGYCAGCMGCCGCGGTAA,CTCACAACCGTGGTGTGYCAGCMGCCGCGGTAA,CC,GGACTACNVGGGTWTCTAAT,CTCACAACCGTGCCGGACTACNVGGGTWTCTAAT,B16S_238R,B16S_238F
CTCACGCAATGC,GT,GTGYCAGCMGCCGCGGTAA,CTCACGCAATGCGTGTGYCAGCMGCCGCGGTAA,CC,GGACTACNVGGGTWTCTAAT,CTCACGCAATGCCCGGACTACNVGGGTWTCTAAT,B16S_239R,B16S_239F
CTCACTGCTTCT,GT,GTGYCAGCMGCCGCGGTAA,CTCACTGCTTCTGTGTGYCAGCMGCCGCGGTAA,CC,GGACTACNVGGGTWTCTAAT,CTCACTGCTTCTCCGGACTACNVGGGTWTCTAAT,B16S_240R,B16S_240F
CTCAGGAGACTT,GT,GTGYCAGCMGCCGCGGTAA,CTCAGGAGACTTGTGTGYCAGCMGCCGCGGTAA,CC,GGACTACNVGGGTWTCTAAT,CTCAGGAGACTTCCGGACTACNVGGGTWTCTAAT,B16S_241R,B16S_241F
CTCATCATGTTC,GT,GTGYCAGCMGCCGCGGTAA,CTCATCATGTTCGTGTGYCAGCMGCCGCGGTAA,CC,GGACTACNVGGGTWTCTAAT,CTCATCATGTTCCCGGACTACNVGGGTWTCTAAT,B16S_242R,B16S_242F
CTCCAATGACGC,GT,GTGYCAGCMGCCGCGGTAA,CTCCAATGACGCGTGTGYCAGCMGCCGCGGTAA,CC,GGACTACNVGGGTWTCTAAT,CTCCAATGACGCCCGGACTACNVGGGTWTCTAAT,B16S_243R,B16S_243F
CTCCACATTCCT,GT,GTGYCAGCMGCCGCGGTAA,CTCCACATTCCTGTGTGYCAGCMGCCGCGGTAA,CC,GGACTACNVGGGTWTCTAAT,CTCCACATTCCTCCGGACTACNVGGGTWTCTAAT,B16S_244R,B16S_244F
CTCCAGGTCATG,GT,GTGYCAGCMGCCGCGGTAA,CTCCAGGTCATGGTGTGYCAGCMGCCGCGGTAA,CC,GGACTACNVGGGTWTCTAAT,CTCCAGGTCATGCCGGACTACNVGGGTWTCTAAT,B16S_245R,B16S_245F
CTCCCTTTGTGT,GT,GTGYCAGCMGCCGCGGTAA,CTCCCTTTGTGTGTGTGYCAGCMGCCGCGGTAA,CC,GGACTACNVGGGTWTCTAAT,CTCCCTTTGTGTCCGGACTACNVGGGTWTCTAAT,B16S_246R,B16S_246F
CTCCGAACAACA,GT,GTGYCAGCMGCCGCGGTAA,CTCCGAACAACAGTGTGYCAGCMGCCGCGGTAA,CC,GGACTACNVGGGTWTCTAAT,CTCCGAACAACACCGGACTACNVGGGTWTCTAAT,B16S_247R,B16S_247F
CTCCGCTATAGG,GT,GTGYCAGCMGCCGCGGTAA,CTCCGCTATAGGGTGTGYCAGCMGCCGCGGTAA,CC,GGACTACNVGGGTWTCTAAT,CTCCGCTATAGGCCGGACTACNVGGGTWTCTAAT,B16S_248R,B16S_248F
CTCCTCCCTTAC,GT,GTGYCAGCMGCCGCGGTAA,CTCCTCCCTTACGTGTGYCAGCMGCCGCGGTAA,CC,GGACTACNVGGGTWTCTAAT,CTCCTCCCTTACCCGGACTACNVGGGTWTCTAAT,B16S_249R,B16S_249F
CTCGCTAGATAG,GT,GTGYCAGCMGCCGCGGTAA,CTCGCTAGATAGGTGTGYCAGCMGCCGCGGTAA,CC,GGACTACNVGGGTWTCTAAT,CTCGCTAGATAGCCGGACTACNVGGGTWTCTAAT,B16S_250R,B16S_250F
CTCTCTCACTTG,GT,GTGYCAGCMGCCGCGGTAA,CTCTCTCACTTGGTGTGYCAGCMGCCGCGGTAA,CC,GGACTACNVGGGTWTCTAAT,CTCTCTCACTTGCCGGACTACNVGGGTWTCTAAT,B16S_251R,B16S_251F
CTCTGTAGCCGA,GT,GTGYCAGCMGCCGCGGTAA,CTCTGTAGCCGAGTGTGYCAGCMGCCGCGGTAA,CC,GGACTACNVGGGTWTCTAAT,CTCTGTAGCCGACCGGACTACNVGGGTWTCTAAT,B16S_252R,B16S_252F
CTGAAGGGCGAA,GT,GTGYCAGCMGCCGCGGTAA,CTGAAGGGCGAAGTGTGYCAGCMGCCGCGGTAA,CC,GGACTACNVGGGTWTCTAAT,CTGAAGGGCGAACCGGACTACNVGGGTWTCTAAT,B16S_253R,B16S_253F
CTGAATCTGGTG,GT,GTGYCAGCMGCCGCGGTAA,CTGAATCTGGTGGTGTGYCAGCMGCCGCGGTAA,CC,GGACTACNVGGGTWTCTAAT,CTGAATCTGGTGCCGGACTACNVGGGTWTCTAAT,B16S_254R,B16S_254F
CTGACCGTTAAG,GT,GTGYCAGCMGCCGCGGTAA,CTGACCGTTAAGGTGTGYCAGCMGCCGCGGTAA,CC,GGACTACNVGGGTWTCTAAT,CTGACCGTTAAGCCGGACTACNVGGGTWTCTAAT,B16S_255R,B16S_255F
CTGACGATCCGT,GT,GTGYCAGCMGCCGCGGTAA,CTGACGATCCGTGTGTGYCAGCMGCCGCGGTAA,CC,GGACTACNVGGGTWTCTAAT,CTGACGATCCGTCCGGACTACNVGGGTWTCTAAT,B16S_256R,B16S_256F
CTGATAGCACAC,GT,GTGYCAGCMGCCGCGGTAA,CTGATAGCACACGTGTGYCAGCMGCCGCGGTAA,CC,GGACTACNVGGGTWTCTAAT,CTGATAGCACACCCGGACTACNVGGGTWTCTAAT,B16S_257R,B16S_257F
CTGATGTACACG,GT,GTGYCAGCMGCCGCGGTAA,CTGATGTACACGGTGTGYCAGCMGCCGCGGTAA,CC,GGACTACNVGGGTWTCTAAT,CTGATGTACACGCCGGACTACNVGGGTWTCTAAT,B16S_258R,B16S_258F
CTGCAAGCCTGT,GT,GTGYCAGCMGCCGCGGTAA,CTGCAAGCCTGTGTGTGYCAGCMGCCGCGGTAA,CC,GGACTACNVGGGTWTCTAAT,CTGCAAGCCTGTCCGGACTACNVGGGTWTCTAAT,B16S_259R,B16S_259F
CTGCATACTGAG,GT,GTGYCAGCMGCCGCGGTAA,CTGCATACTGAGGTGTGYCAGCMGCCGCGGTAA,CC,GGACTACNVGGGTWTCTAAT,CTGCATACTGAGCCGGACTACNVGGGTWTCTAAT,B16S_260R,B16S_260F
CTGCGGATATAC,GT,GTGYCAGCMGCCGCGGTAA,CTGCGGATATACGTGTGYCAGCMGCCGCGGTAA,CC,GGACTACNVGGGTWTCTAAT,CTGCGGATATACCCGGACTACNVGGGTWTCTAAT,B16S_261R,B16S_261F
CTGCTCAGGCAT,GT,GTGYCAGCMGCCGCGGTAA,CTGCTCAGGCATGTGTGYCAGCMGCCGCGGTAA,CC,GGACTACNVGGGTWTCTAAT,CTGCTCAGGCATCCGGACTACNVGGGTWTCTAAT,B16S_262R,B16S_262F
CTGCTTCTTACA,GT,GTGYCAGCMGCCGCGGTAA,CTGCTTCTTACAGTGTGYCAGCMGCCGCGGTAA,CC,GGACTACNVGGGTWTCTAAT,CTGCTTCTTACACCGGACTACNVGGGTWTCTAAT,B16S_263R,B16S_263F
CTGGAACATTAG,GT,GTGYCAGCMGCCGCGGTAA,CTGGAACATTAGGTGTGYCAGCMGCCGCGGTAA,CC,GGACTACNVGGGTWTCTAAT,CTGGAACATTAGCCGGACTACNVGGGTWTCTAAT,B16S_264R,B16S_264F
CTGGATTACGGT,GT,GTGYCAGCMGCCGCGGTAA,CTGGATTACGGTGTGTGYCAGCMGCCGCGGTAA,CC,GGACTACNVGGGTWTCTAAT,CTGGATTACGGTCCGGACTACNVGGGTWTCTAAT,B16S_265R,B16S_265F
CTGGGAGTTGTT,GT,GTGYCAGCMGCCGCGGTAA,CTGGGAGTTGTTGTGTGYCAGCMGCCGCGGTAA,CC,GGACTACNVGGGTWTCTAAT,CTGGGAGTTGTTCCGGACTACNVGGGTWTCTAAT,B16S_266R,B16S_266F
CTGTAAAGGTTG,GT,GTGYCAGCMGCCGCGGTAA,CTGTAAAGGTTGGTGTGYCAGCMGCCGCGGTAA,CC,GGACTACNVGGGTWTCTAAT,CTGTAAAGGTTGCCGGACTACNVGGGTWTCTAAT,B16S_267R,B16S_267F
CTGTAGCTTGGC,GT,GTGYCAGCMGCCGCGGTAA,CTGTAGCTTGGCGTGTGYCAGCMGCCGCGGTAA,CC,GGACTACNVGGGTWTCTAAT,CTGTAGCTTGGCCCGGACTACNVGGGTWTCTAAT,B16S_268R,B16S_268F
CTGTCGTGTCAG,GT,GTGYCAGCMGCCGCGGTAA,CTGTCGTGTCAGGTGTGYCAGCMGCCGCGGTAA,CC,GGACTACNVGGGTWTCTAAT,CTGTCGTGTCAGCCGGACTACNVGGGTWTCTAAT,B16S_269R,B16S_269F
CTTACACTGCTT,GT,GTGYCAGCMGCCGCGGTAA,CTTACACTGCTTGTGTGYCAGCMGCCGCGGTAA,CC,GGACTACNVGGGTWTCTAAT,CTTACACTGCTTCCGGACTACNVGGGTWTCTAAT,B16S_270R,B16S_270F
CTTAGAACGTGC,GT,GTGYCAGCMGCCGCGGTAA,CTTAGAACGTGCGTGTGYCAGCMGCCGCGGTAA,CC,GGACTACNVGGGTWTCTAAT,CTTAGAACGTGCCCGGACTACNVGGGTWTCTAAT,B16S_271R,B16S_271F
CTTAGGCATGTG,GT,GTGYCAGCMGCCGCGGTAA,CTTAGGCATGTGGTGTGYCAGCMGCCGCGGTAA,CC,GGACTACNVGGGTWTCTAAT,CTTAGGCATGTGCCGGACTACNVGGGTWTCTAAT,B16S_272R,B16S_272F
CTTGAGAAATCG,GT,GTGYCAGCMGCCGCGGTAA,CTTGAGAAATCGGTGTGYCAGCMGCCGCGGTAA,CC,GGACTACNVGGGTWTCTAAT,CTTGAGAAATCGCCGGACTACNVGGGTWTCTAAT,B16S_273R,B16S_273F
CTTTGCACTTTG,GT,GTGYCAGCMGCCGCGGTAA,CTTTGCACTTTGGTGTGYCAGCMGCCGCGGTAA,CC,GGACTACNVGGGTWTCTAAT,CTTTGCACTTTGCCGGACTACNVGGGTWTCTAAT,B16S_274R,B16S_274F
CTTTGTCAGGGC,GT,GTGYCAGCMGCCGCGGTAA,CTTTGTCAGGGCGTGTGYCAGCMGCCGCGGTAA,CC,GGACTACNVGGGTWTCTAAT,CTTTGTCAGGGCCCGGACTACNVGGGTWTCTAAT,B16S_275R,B16S_275F
GAAAGGTGAGAA,GT,GTGYCAGCMGCCGCGGTAA,GAAAGGTGAGAAGTGTGYCAGCMGCCGCGGTAA,CC,GGACTACNVGGGTWTCTAAT,GAAAGGTGAGAACCGGACTACNVGGGTWTCTAAT,B16S_276R,B16S_276F
GAACTCGCTATG,GT,GTGYCAGCMGCCGCGGTAA,GAACTCGCTATGGTGTGYCAGCMGCCGCGGTAA,CC,GGACTACNVGGGTWTCTAAT,GAACTCGCTATGCCGGACTACNVGGGTWTCTAAT,B16S_277R,B16S_277F
GAACTTTAGCGC,GT,GTGYCAGCMGCCGCGGTAA,GAACTTTAGCGCGTGTGYCAGCMGCCGCGGTAA,CC,GGACTACNVGGGTWTCTAAT,GAACTTTAGCGCCCGGACTACNVGGGTWTCTAAT,B16S_278R,B16S_278F
GAATATACCTGG,GT,GTGYCAGCMGCCGCGGTAA,GAATATACCTGGGTGTGYCAGCMGCCGCGGTAA,CC,GGACTACNVGGGTWTCTAAT,GAATATACCTGGCCGGACTACNVGGGTWTCTAAT,B16S_279R,B16S_279F
GAATCCTCACCG,GT,GTGYCAGCMGCCGCGGTAA,GAATCCTCACCGGTGTGYCAGCMGCCGCGGTAA,CC,GGACTACNVGGGTWTCTAAT,GAATCCTCACCGCCGGACTACNVGGGTWTCTAAT,B16S_280R,B16S_280F
GAATCGCCGATT,GT,GTGYCAGCMGCCGCGGTAA,GAATCGCCGATTGTGTGYCAGCMGCCGCGGTAA,CC,GGACTACNVGGGTWTCTAAT,GAATCGCCGATTCCGGACTACNVGGGTWTCTAAT,B16S_281R,B16S_281F
GAATGTTGCGCT,GT,GTGYCAGCMGCCGCGGTAA,GAATGTTGCGCTGTGTGYCAGCMGCCGCGGTAA,CC,GGACTACNVGGGTWTCTAAT,GAATGTTGCGCTCCGGACTACNVGGGTWTCTAAT,B16S_282R,B16S_282F
GACAAACCTTGC,GT,GTGYCAGCMGCCGCGGTAA,GACAAACCTTGCGTGTGYCAGCMGCCGCGGTAA,CC,GGACTACNVGGGTWTCTAAT,GACAAACCTTGCCCGGACTACNVGGGTWTCTAAT,B16S_283R,B16S_283F
GACAACGAATCT,GT,GTGYCAGCMGCCGCGGTAA,GACAACGAATCTGTGTGYCAGCMGCCGCGGTAA,CC,GGACTACNVGGGTWTCTAAT,GACAACGAATCTCCGGACTACNVGGGTWTCTAAT,B16S_284R,B16S_284F
GACAAGAAGGTG,GT,GTGYCAGCMGCCGCGGTAA,GACAAGAAGGTGGTGTGYCAGCMGCCGCGGTAA,CC,GGACTACNVGGGTWTCTAAT,GACAAGAAGGTGCCGGACTACNVGGGTWTCTAAT,B16S_285R,B16S_285F
GACAATTCCGAA,GT,GTGYCAGCMGCCGCGGTAA,GACAATTCCGAAGTGTGYCAGCMGCCGCGGTAA,CC,GGACTACNVGGGTWTCTAAT,GACAATTCCGAACCGGACTACNVGGGTWTCTAAT,B16S_286R,B16S_286F
GACACTCACCGT,GT,GTGYCAGCMGCCGCGGTAA,GACACTCACCGTGTGTGYCAGCMGCCGCGGTAA,CC,GGACTACNVGGGTWTCTAAT,GACACTCACCGTCCGGACTACNVGGGTWTCTAAT,B16S_287R,B16S_287F
GACATGCGGAGA,GT,GTGYCAGCMGCCGCGGTAA,GACATGCGGAGAGTGTGYCAGCMGCCGCGGTAA,CC,GGACTACNVGGGTWTCTAAT,GACATGCGGAGACCGGACTACNVGGGTWTCTAAT,B16S_288R,B16S_288F
GACCACTGCTGT,GT,GTGYCAGCMGCCGCGGTAA,GACCACTGCTGTGTGTGYCAGCMGCCGCGGTAA,CC,GGACTACNVGGGTWTCTAAT,GACCACTGCTGTCCGGACTACNVGGGTWTCTAAT,B16S_289R,B16S_289F
GACCATGTAGTA,GT,GTGYCAGCMGCCGCGGTAA,GACCATGTAGTAGTGTGYCAGCMGCCGCGGTAA,CC,GGACTACNVGGGTWTCTAAT,GACCATGTAGTACCGGACTACNVGGGTWTCTAAT,B16S_290R,B16S_290F
GACCCTAGACCT,GT,GTGYCAGCMGCCGCGGTAA,GACCCTAGACCTGTGTGYCAGCMGCCGCGGTAA,CC,GGACTACNVGGGTWTCTAAT,GACCCTAGACCTCCGGACTACNVGGGTWTCTAAT,B16S_291R,B16S_291F
GACCGATAGGGA,GT,GTGYCAGCMGCCGCGGTAA,GACCGATAGGGAGTGTGYCAGCMGCCGCGGTAA,CC,GGACTACNVGGGTWTCTAAT,GACCGATAGGGACCGGACTACNVGGGTWTCTAAT,B16S_292R,B16S_292F
GACCGTCAATAC,GT,GTGYCAGCMGCCGCGGTAA,GACCGTCAATACGTGTGYCAGCMGCCGCGGTAA,CC,GGACTACNVGGGTWTCTAAT,GACCGTCAATACCCGGACTACNVGGGTWTCTAAT,B16S_293R,B16S_293F
GACGACATTTAG,GT,GTGYCAGCMGCCGCGGTAA,GACGACATTTAGGTGTGYCAGCMGCCGCGGTAA,CC,GGACTACNVGGGTWTCTAAT,GACGACATTTAGCCGGACTACNVGGGTWTCTAAT,B16S_294R,B16S_294F
GACGCACTAACT,GT,GTGYCAGCMGCCGCGGTAA,GACGCACTAACTGTGTGYCAGCMGCCGCGGTAA,CC,GGACTACNVGGGTWTCTAAT,GACGCACTAACTCCGGACTACNVGGGTWTCTAAT,B16S_295R,B16S_295F
GACGCTTTGCTG,GT,GTGYCAGCMGCCGCGGTAA,GACGCTTTGCTGGTGTGYCAGCMGCCGCGGTAA,CC,GGACTACNVGGGTWTCTAAT,GACGCTTTGCTGCCGGACTACNVGGGTWTCTAAT,B16S_296R,B16S_296F
GACTCAACCAGT,GT,GTGYCAGCMGCCGCGGTAA,GACTCAACCAGTGTGTGYCAGCMGCCGCGGTAA,CC,GGACTACNVGGGTWTCTAAT,GACTCAACCAGTCCGGACTACNVGGGTWTCTAAT,B16S_297R,B16S_297F
GACTCGCAACTA,GT,GTGYCAGCMGCCGCGGTAA,GACTCGCAACTAGTGTGYCAGCMGCCGCGGTAA,CC,GGACTACNVGGGTWTCTAAT,GACTCGCAACTACCGGACTACNVGGGTWTCTAAT,B16S_298R,B16S_298F
GACTCTGCTCAG,GT,GTGYCAGCMGCCGCGGTAA,GACTCTGCTCAGGTGTGYCAGCMGCCGCGGTAA,CC,GGACTACNVGGGTWTCTAAT,GACTCTGCTCAGCCGGACTACNVGGGTWTCTAAT,B16S_299R,B16S_299F
GAGAATGGAAAG,GT,GTGYCAGCMGCCGCGGTAA,GAGAATGGAAAGGTGTGYCAGCMGCCGCGGTAA,CC,GGACTACNVGGGTWTCTAAT,GAGAATGGAAAGCCGGACTACNVGGGTWTCTAAT,B16S_300R,B16S_300F
