DNA Oligo Name (from Origin.),Barcode Sequence + HEAD (5' -> 3'),Length,Barcode ID (Lab)
DOME_golay_001,AACCCAGATGATGCTATGCGCGAGCTGC,28,B1H
DOME_golay_002,AACCCGTCGTCAGCTATGCGCGAGCTGC,28,B2H
DOME_golay_003,AACCCTAACTGGGCTATGCGCGAGCTGC,28,B3H
DOME_golay_004,AACGAGGCAACGGCTATGCGCGAGCTGC,28,B4H
DOME_golay_005,AACGGCTGGAAGGCTATGCGCGAGCTGC,28,B5H
DOME_golay_006,AACTCAATAGCGGCTATGCGCGAGCTGC,28,B6H
DOME_golay_007,AACTTCACTTCCGCTATGCGCGAGCTGC,28,B7H
DOME_golay_008,AACTTGGCCGTAGCTATGCGCGAGCTGC,28,B8H
DOME_golay_009,AACTTTCAGGAGGCTATGCGCGAGCTGC,28,B9H
DOME_golay_010,AAGACGTAGCGGGCTATGCGCGAGCTGC,28,B10H
DOME_golay_011,AAGGAGTGCGCAGCTATGCGCGAGCTGC,28,B11H
DOME_golay_012,AAGGCGCTCCTTGCTATGCGCGAGCTGC,28,B12H
DOME_golay_013,AAGGGCGCTGAAGCTATGCGCGAGCTGC,28,B13H
DOME_golay_014,AAGGGTTAGTCTGCTATGCGCGAGCTGC,28,B14H
DOME_golay_015,AAGTCGACACATGCTATGCGCGAGCTGC,28,B15H
DOME_golay_016,AATAGTCGTGACGCTATGCGCGAGCTGC,28,B16H
DOME_golay_017,AATATCGGGATCGCTATGCGCGAGCTGC,28,B17H
DOME_golay_018,AATGGACCGTTCGCTATGCGCGAGCTGC,28,B18H
DOME_golay_019,AATGGTTCAGCAGCTATGCGCGAGCTGC,28,B19H
DOME_golay_020,AATTCACCTCCTGCTATGCGCGAGCTGC,28,B20H
DOME_golay_021,AATTCCGAACGCGCTATGCGCGAGCTGC,28,B21H
DOME_golay_022,ACAAACATGGTCGCTATGCGCGAGCTGC,28,B22H
DOME_golay_023,ACAAGGCAAGGCGCTATGCGCGAGCTGC,28,B23H
DOME_golay_024,ACAAGTGCTGCTGCTATGCGCGAGCTGC,28,B24H
DOME_golay_025,ACAATAGACACCGCTATGCGCGAGCTGC,28,B25H
DOME_golay_026,ACACGCGGTTTAGCTATGCGCGAGCTGC,28,B26H
DOME_golay_027,ACACGTTTGGGTGCTATGCGCGAGCTGC,28,B27H
DOME_golay_028,ACAGCATAGCTCGCTATGCGCGAGCTGC,28,B28H
DOME_golay_029,ACAGCCACCCATGCTATGCGCGAGCTGC,28,B29H
DOME_golay_030,ACAGCTCAAACAGCTATGCGCGAGCTGC,28,B30H
DOME_golay_031,ACATCGTTGACGGCTATGCGCGAGCTGC,28,B31H
DOME_golay_032,ACATTGAAGCGTGCTATGCGCGAGCTGC,28,B32H
DOME_golay_033,ACCAGAAATGTCGCTATGCGCGAGCTGC,28,B33H
DOME_golay_034,ACCAGCTCAGATGCTATGCGCGAGCTGC,28,B34H
DOME_golay_035,ACCATGTAGAACGCTATGCGCGAGCTGC,28,B35H
DOME_golay_036,ACCGGAGTAGGAGCTATGCGCGAGCTGC,28,B36H
DOME_golay_037,ACCTGTCCTTTCGCTATGCGCGAGCTGC,28,B37H
DOME_golay_038,ACGAAAGAGCAGGCTATGCGCGAGCTGC,28,B38H
DOME_golay_039,ACGAAGTCTACCGCTATGCGCGAGCTGC,28,B39H
DOME_golay_040,ACGAGACTGATTGCTATGCGCGAGCTGC,28,B40H
DOME_golay_041,ACGATATGGTCAGCTATGCGCGAGCTGC,28,B41H
DOME_golay_042,ACGATCATCTGGGCTATGCGCGAGCTGC,28,B42H
DOME_golay_043,ACGATTCGAGTCGCTATGCGCGAGCTGC,28,B43H
DOME_golay_044,ACGCACATACAAGCTATGCGCGAGCTGC,28,B44H
DOME_golay_045,ACGCATCGCACTGCTATGCGCGAGCTGC,28,B45H
DOME_golay_046,ACGCCTTTCTTAGCTATGCGCGAGCTGC,28,B46H
DOME_golay_047,ACGCTAGATTGAGCTATGCGCGAGCTGC,28,B47H
DOME_golay_048,ACGGGATACAGGGCTATGCGCGAGCTGC,28,B48H
DOME_golay_049,ACGGGTCATCATGCTATGCGCGAGCTGC,28,B49H
DOME_golay_050,ACGGTTTCTGGAGCTATGCGCGAGCTGC,28,B50H
DOME_golay_051,ACGTCCACTGTGGCTATGCGCGAGCTGC,28,B51H
DOME_golay_052,ACGTGAGGAACGGCTATGCGCGAGCTGC,28,B52H
DOME_golay_053,ACGTGCCTTAGAGCTATGCGCGAGCTGC,28,B53H
DOME_golay_054,ACGTTTGTGGCAGCTATGCGCGAGCTGC,28,B54H
DOME_golay_055,ACTACTGAGGATGCTATGCGCGAGCTGC,28,B55H
DOME_golay_056,ACTATGGGCTAAGCTATGCGCGAGCTGC,28,B56H
DOME_golay_057,ACTCATCTTCCAGCTATGCGCGAGCTGC,28,B57H
DOME_golay_058,ACTGACTTAAGGGCTATGCGCGAGCTGC,28,B58H
DOME_golay_059,ACTGAGCTGCATGCTATGCGCGAGCTGC,28,B59H
DOME_golay_060,ACTGCCCGATACGCTATGCGCGAGCTGC,28,B60H
DOME_golay_061,ACTGGATCTCGCGCTATGCGCGAGCTGC,28,B61H
DOME_golay_062,ACTGGCAAACCTGCTATGCGCGAGCTGC,28,B62H
DOME_golay_063,ACTGTACATGAGGCTATGCGCGAGCTGC,28,B63H
DOME_golay_064,ACTTTAAGGGTGGCTATGCGCGAGCTGC,28,B64H
DOME_golay_065,ACTTTGCTTTGCGCTATGCGCGAGCTGC,28,B65H
DOME_golay_066,AGAAACAGCTCTGCTATGCGCGAGCTGC,28,B66H
DOME_golay_067,AGAAAGGGTGTGGCTATGCGCGAGCTGC,28,B67H
DOME_golay_068,AGAATAGCGCTTGCTATGCGCGAGCTGC,28,B68H
DOME_golay_069,AGACACCAATGTGCTATGCGCGAGCTGC,28,B69H
DOME_golay_070,AGACAGTAGGAGGCTATGCGCGAGCTGC,28,B70H
DOME_golay_071,AGACATACCGTAGCTATGCGCGAGCTGC,28,B71H
DOME_golay_072,AGACGTTGCTACGCTATGCGCGAGCTGC,28,B72H
DOME_golay_073,AGAGGGTGATCGGCTATGCGCGAGCTGC,28,B73H
DOME_golay_074,AGAGTAAGCCGGGCTATGCGCGAGCTGC,28,B74H
DOME_golay_075,AGAGTGCTAATCGCTATGCGCGAGCTGC,28,B75H
DOME_golay_076,AGATGATCAGTCGCTATGCGCGAGCTGC,28,B76H
DOME_golay_077,AGATGGGACTGGGCTATGCGCGAGCTGC,28,B77H
DOME_golay_078,AGCAAGGTCTTCGCTATGCGCGAGCTGC,28,B78H
DOME_golay_079,AGCACCGGTCTTGCTATGCGCGAGCTGC,28,B79H
DOME_golay_080,AGCCCTGCTACAGCTATGCGCGAGCTGC,28,B80H
DOME_golay_081,AGCGCATATCCAGCTATGCGCGAGCTGC,28,B81H
DOME_golay_082,AGCTCTAGAAACGCTATGCGCGAGCTGC,28,B82H
DOME_golay_083,AGCTTCGACAGTGCTATGCGCGAGCTGC,28,B83H
DOME_golay_084,AGCTTGAATCAGGCTATGCGCGAGCTGC,28,B84H
DOME_golay_085,AGGCACAGTAGGGCTATGCGCGAGCTGC,28,B85H
DOME_golay_086,AGGCATCTGCTCGCTATGCGCGAGCTGC,28,B86H
DOME_golay_087,AGGCTCCATGTAGCTATGCGCGAGCTGC,28,B87H
DOME_golay_088,AGGCTTACGTGTGCTATGCGCGAGCTGC,28,B88H
DOME_golay_089,AGGTCCAAATCAGCTATGCGCGAGCTGC,28,B89H
DOME_golay_090,AGGTGTATCACCGCTATGCGCGAGCTGC,28,B90H
DOME_golay_091,AGGTTCTTAGGCGCTATGCGCGAGCTGC,28,B91H
DOME_golay_092,AGGTTTGGCTTGGCTATGCGCGAGCTGC,28,B92H
DOME_golay_093,AGTAGACTTACGGCTATGCGCGAGCTGC,28,B93H
DOME_golay_094,AGTATTCGCGCAGCTATGCGCGAGCTGC,28,B94H
DOME_golay_095,AGTCATCGAATGGCTATGCGCGAGCTGC,28,B95H
DOME_golay_096,AGTCGCTACACAGCTATGCGCGAGCTGC,28,B96H
DOME_golay_097,AGTCTAGAGTACGCTATGCGCGAGCTGC,28,B97H
DOME_golay_098,AGTGTTTCGGACGCTATGCGCGAGCTGC,28,B98H
DOME_golay_099,AGTTGAGGCATTGCTATGCGCGAGCTGC,28,B99H
DOME_golay_100,AGTTGCCTGAACGCTATGCGCGAGCTGC,28,B100H
DOME_golay_101,AGTTGGTTACGAGCTATGCGCGAGCTGC,28,B101H
DOME_golay_102,AGTTGTAGTCCGGCTATGCGCGAGCTGC,28,B102H
DOME_golay_103,AGTTTCTGGTGGGCTATGCGCGAGCTGC,28,B103H
DOME_golay_104,AGTTTGCGAGATGCTATGCGCGAGCTGC,28,B104H
DOME_golay_105,ATAAAGAGGAGGGCTATGCGCGAGCTGC,28,B105H
DOME_golay_106,ATAACGGTGTACGCTATGCGCGAGCTGC,28,B106H
DOME_golay_107,ATAAGCCCAATGGCTATGCGCGAGCTGC,28,B107H
DOME_golay_108,ATAAGTAACCGCGCTATGCGCGAGCTGC,28,B108H
DOME_golay_109,ATAGCCGATGTCGCTATGCGCGAGCTGC,28,B109H
DOME_golay_110,ATAGCGAACTCAGCTATGCGCGAGCTGC,28,B110H
DOME_golay_111,ATAGCTTCGTGGGCTATGCGCGAGCTGC,28,B111H
DOME_golay_112,ATATAAGGCCCAGCTATGCGCGAGCTGC,28,B112H
DOME_golay_113,ATATACCTGCGGGCTATGCGCGAGCTGC,28,B113H
DOME_golay_114,ATCACATTCTCCGCTATGCGCGAGCTGC,28,B114H
DOME_golay_115,ATCACCAGGTGTGCTATGCGCGAGCTGC,28,B115H
DOME_golay_116,ATCCATGAGCGTGCTATGCGCGAGCTGC,28,B116H
DOME_golay_117,ATCCCAGCATGCGCTATGCGCGAGCTGC,28,B117H
DOME_golay_118,ATCGAATCGAGTGCTATGCGCGAGCTGC,28,B118H
DOME_golay_119,ATCGACAACACCGCTATGCGCGAGCTGC,28,B119H
DOME_golay_120,ATCTTGGAGTCGGCTATGCGCGAGCTGC,28,B120H
DOME_golay_121,ATCTTTCCCTGAGCTATGCGCGAGCTGC,28,B121H
DOME_golay_122,ATGATCGGTACAGCTATGCGCGAGCTGC,28,B122H
DOME_golay_123,ATGCGCCCGTATGCTATGCGCGAGCTGC,28,B123H
DOME_golay_124,ATGCTAACCACGGCTATGCGCGAGCTGC,28,B124H
DOME_golay_125,ATGCTGCAACACGCTATGCGCGAGCTGC,28,B125H
DOME_golay_126,ATGCTTGCTCTTGCTATGCGCGAGCTGC,28,B126H
DOME_golay_127,ATGGACCTAGCTGCTATGCGCGAGCTGC,28,B127H
DOME_golay_128,ATGGCCTGACTAGCTATGCGCGAGCTGC,28,B128H
DOME_golay_129,ATGGCTGTCAGTGCTATGCGCGAGCTGC,28,B129H
DOME_golay_130,ATGGGACCTTCAGCTATGCGCGAGCTGC,28,B130H
DOME_golay_131,ATGGGTTCCGTCGCTATGCGCGAGCTGC,28,B131H
DOME_golay_132,ATGTACACCGGTGCTATGCGCGAGCTGC,28,B132H
DOME_golay_133,ATGTAGGCTTAGGCTATGCGCGAGCTGC,28,B133H
DOME_golay_134,ATGTTTAGACGGGCTATGCGCGAGCTGC,28,B134H
DOME_golay_135,ATTCCTCTCCACGCTATGCGCGAGCTGC,28,B135H
DOME_golay_136,ATTCGAGCTGTGGCTATGCGCGAGCTGC,28,B136H
DOME_golay_137,ATTCGCCAAGAAGCTATGCGCGAGCTGC,28,B137H
DOME_golay_138,ATTTAGGACGACGCTATGCGCGAGCTGC,28,B138H
DOME_golay_139,CAACCACTCGGTGCTATGCGCGAGCTGC,28,B139H
DOME_golay_140,CAACGTGCTCCAGCTATGCGCGAGCTGC,28,B140H
DOME_golay_141,CAAGAAATTCGCGCTATGCGCGAGCTGC,28,B141H
DOME_golay_142,CAAGACTGACCTGCTATGCGCGAGCTGC,28,B142H
DOME_golay_143,CAAGAGCGGATGGCTATGCGCGAGCTGC,28,B143H
DOME_golay_144,CAAGTCGAATACGCTATGCGCGAGCTGC,28,B144H
DOME_golay_145,CAAGTGAAGGGAGCTATGCGCGAGCTGC,28,B145H
DOME_golay_146,CAATTCTGCTTCGCTATGCGCGAGCTGC,28,B146H
DOME_golay_147,CACAAGTATCGAGCTATGCGCGAGCTGC,28,B147H
DOME_golay_148,CACAATACACCGGCTATGCGCGAGCTGC,28,B148H
DOME_golay_149,CACAGCGTCCTAGCTATGCGCGAGCTGC,28,B149H
DOME_golay_150,CACATGGGTTTGGCTATGCGCGAGCTGC,28,B150H
DOME_golay_151,CACCCACGTTGAGCTATGCGCGAGCTGC,28,B151H
DOME_golay_152,CACGAGCTACTCGCTATGCGCGAGCTGC,28,B152H
DOME_golay_153,CACGATGGTCATGCTATGCGCGAGCTGC,28,B153H
DOME_golay_154,CACGCAGTCTACGCTATGCGCGAGCTGC,28,B154H
DOME_golay_155,CACGCTATTGGAGCTATGCGCGAGCTGC,28,B155H
DOME_golay_156,CACTAACAAACGGCTATGCGCGAGCTGC,28,B156H
DOME_golay_157,CACTCATCATTCGCTATGCGCGAGCTGC,28,B157H
DOME_golay_158,CACTTTGGGTGCGCTATGCGCGAGCTGC,28,B158H
DOME_golay_159,CAGAAATGTGTCGCTATGCGCGAGCTGC,28,B159H
DOME_golay_160,CAGCCTGCAAATGCTATGCGCGAGCTGC,28,B160H
DOME_golay_161,CAGCTTCGACTGGCTATGCGCGAGCTGC,28,B161H
DOME_golay_162,CAGGGCCTTTGTGCTATGCGCGAGCTGC,28,B162H
DOME_golay_163,CAGGGTAGGGTAGCTATGCGCGAGCTGC,28,B163H
DOME_golay_164,CAGTAAATCGCAGCTATGCGCGAGCTGC,28,B164H
DOME_golay_165,CAGTAGCGATATGCTATGCGCGAGCTGC,28,B165H
DOME_golay_166,CAGTGATACTGCGCTATGCGCGAGCTGC,28,B166H
DOME_golay_167,CAGTGCACGTCTGCTATGCGCGAGCTGC,28,B167H
DOME_golay_168,CAGTTACCCAAGGCTATGCGCGAGCTGC,28,B168H
DOME_golay_169,CATAAGGGAGGCGCTATGCGCGAGCTGC,28,B169H
DOME_golay_170,CATACACGCACCGCTATGCGCGAGCTGC,28,B170H
DOME_golay_171,CATACGATACAGGCTATGCGCGAGCTGC,28,B171H
DOME_golay_172,CATAGCTCGGTCGCTATGCGCGAGCTGC,28,B172H
DOME_golay_173,CATATCCAGCCGGCTATGCGCGAGCTGC,28,B173H
DOME_golay_174,CATCGACGAGTTGCTATGCGCGAGCTGC,28,B174H
DOME_golay_175,CATCGCGTTGACGCTATGCGCGAGCTGC,28,B175H
DOME_golay_176,CATTATGGCGTGGCTATGCGCGAGCTGC,28,B176H
DOME_golay_177,CATTTGACGACGGCTATGCGCGAGCTGC,28,B177H
DOME_golay_178,CCAAAGCCAGTTGCTATGCGCGAGCTGC,28,B178H
DOME_golay_179,CCAAATGATGACGCTATGCGCGAGCTGC,28,B179H
DOME_golay_180,CCAACAGCCAATGCTATGCGCGAGCTGC,28,B180H
DOME_golay_181,CCAACCCAGATCGCTATGCGCGAGCTGC,28,B181H
DOME_golay_182,CCAATGATAAGCGCTATGCGCGAGCTGC,28,B182H
DOME_golay_183,CCAGCCTTCAGAGCTATGCGCGAGCTGC,28,B183H
DOME_golay_184,CCAGGACAGGAAGCTATGCGCGAGCTGC,28,B184H
DOME_golay_185,CCAGGGACTTCTGCTATGCGCGAGCTGC,28,B185H
DOME_golay_186,CCGACATTGTAGGCTATGCGCGAGCTGC,28,B186H
DOME_golay_187,CCGACCAGCTTAGCTATGCGCGAGCTGC,28,B187H
DOME_golay_188,CCGATTGAATCGGCTATGCGCGAGCTGC,28,B188H
DOME_golay_189,CCGCTACGTGATGCTATGCGCGAGCTGC,28,B189H
DOME_golay_190,CCGCTGATGTCAGCTATGCGCGAGCTGC,28,B190H
DOME_golay_191,CCTCATGCTATTGCTATGCGCGAGCTGC,28,B191H
DOME_golay_192,CCTCGATGCAGTGCTATGCGCGAGCTGC,28,B192H
DOME_golay_193,CCTCGGGTACTAGCTATGCGCGAGCTGC,28,B193H
DOME_golay_194,CCTGTCCTATCTGCTATGCGCGAGCTGC,28,B194H
DOME_golay_195,CCTTCAATGGGAGCTATGCGCGAGCTGC,28,B195H
DOME_golay_196,CCTTTATAGTCCGCTATGCGCGAGCTGC,28,B196H
DOME_golay_197,CCTTTGGCTGAGGCTATGCGCGAGCTGC,28,B197H
DOME_golay_198,CGAAACTACGTAGCTATGCGCGAGCTGC,28,B198H
DOME_golay_199,CGAACGTCTATGGCTATGCGCGAGCTGC,28,B199H
DOME_golay_200,CGAAGCATCTACGCTATGCGCGAGCTGC,28,B200H
DOME_golay_201,CGACAACTTGTGGCTATGCGCGAGCTGC,28,B201H
DOME_golay_202,CGACACGGAGAAGCTATGCGCGAGCTGC,28,B202H
DOME_golay_203,CGACATTTCTCTGCTATGCGCGAGCTGC,28,B203H
DOME_golay_204,CGAGCTGTTACCGCTATGCGCGAGCTGC,28,B204H
DOME_golay_205,CGATCACCACAAGCTATGCGCGAGCTGC,28,B205H
DOME_golay_206,CGATTAGGAATCGCTATGCGCGAGCTGC,28,B206H
DOME_golay_207,CGATTGTTCCGGGCTATGCGCGAGCTGC,28,B207H
DOME_golay_208,CGATTTAGGCCAGCTATGCGCGAGCTGC,28,B208H
DOME_golay_209,CGCCCTCTTCTTGCTATGCGCGAGCTGC,28,B209H
DOME_golay_210,CGCCTAAACCGTGCTATGCGCGAGCTGC,28,B210H
DOME_golay_211,CGCGAAGTTTCAGCTATGCGCGAGCTGC,28,B211H
DOME_golay_212,CGCGCCTTAAACGCTATGCGCGAGCTGC,28,B212H
DOME_golay_213,CGCGGTTACTAAGCTATGCGCGAGCTGC,28,B213H
DOME_golay_214,CGCTACAACTCGGCTATGCGCGAGCTGC,28,B214H
DOME_golay_215,CGCTCTTAACGGGCTATGCGCGAGCTGC,28,B215H
DOME_golay_216,CGCTTGTGTAGCGCTATGCGCGAGCTGC,28,B216H
DOME_golay_217,CGGAAGAGAACAGCTATGCGCGAGCTGC,28,B217H
DOME_golay_218,CGGATCTAGTGTGCTATGCGCGAGCTGC,28,B218H
DOME_golay_219,CGGCGCATTATAGCTATGCGCGAGCTGC,28,B219H
DOME_golay_220,CGGCTACTATGCGCTATGCGCGAGCTGC,28,B220H
DOME_golay_221,CGGTAGTTGATCGCTATGCGCGAGCTGC,28,B221H
DOME_golay_222,CGGTGGAAGCAAGCTATGCGCGAGCTGC,28,B222H
DOME_golay_223,CGTAACGTAATGGCTATGCGCGAGCTGC,28,B223H
DOME_golay_224,CGTAAGATGCCTGCTATGCGCGAGCTGC,28,B224H
DOME_golay_225,CGTAGCCAACATGCTATGCGCGAGCTGC,28,B225H
DOME_golay_226,CGTAGGTAGAGGGCTATGCGCGAGCTGC,28,B226H
DOME_golay_227,CGTATAAATGCGGCTATGCGCGAGCTGC,28,B227H
DOME_golay_228,CGTCACTCCAAGGCTATGCGCGAGCTGC,28,B228H
DOME_golay_229,CGTCCGTATGAAGCTATGCGCGAGCTGC,28,B229H
DOME_golay_230,CGTCGATTGCACGCTATGCGCGAGCTGC,28,B230H
DOME_golay_231,CTAATTCTCTGCGCTATGCGCGAGCTGC,28,B231H
DOME_golay_232,CTAGCAGTATGAGCTATGCGCGAGCTGC,28,B232H
DOME_golay_233,CTAGCTATGGACGCTATGCGCGAGCTGC,28,B233H
DOME_golay_234,CTAGGCAATCAAGCTATGCGCGAGCTGC,28,B234H
DOME_golay_235,CTAGTACAAGCCGCTATGCGCGAGCTGC,28,B235H
DOME_golay_236,CTATCATCCTCAGCTATGCGCGAGCTGC,28,B236H
DOME_golay_237,CTATCGGAAGATGCTATGCGCGAGCTGC,28,B237H
DOME_golay_238,CTCACAACCGTGGCTATGCGCGAGCTGC,28,B238H
DOME_golay_239,CTCACGCAATGCGCTATGCGCGAGCTGC,28,B239H
DOME_golay_240,CTCACTGCTTCTGCTATGCGCGAGCTGC,28,B240H
DOME_golay_241,CTCAGGAGACTTGCTATGCGCGAGCTGC,28,B241H
DOME_golay_242,CTCATCATGTTCGCTATGCGCGAGCTGC,28,B242H
DOME_golay_243,CTCCAATGACGCGCTATGCGCGAGCTGC,28,B243H
DOME_golay_244,CTCCACATTCCTGCTATGCGCGAGCTGC,28,B244H
DOME_golay_245,CTCCAGGTCATGGCTATGCGCGAGCTGC,28,B245H
DOME_golay_246,CTCCCTTTGTGTGCTATGCGCGAGCTGC,28,B246H
DOME_golay_247,CTCCGAACAACAGCTATGCGCGAGCTGC,28,B247H
DOME_golay_248,CTCCGCTATAGGGCTATGCGCGAGCTGC,28,B248H
DOME_golay_249,CTCCTCCCTTACGCTATGCGCGAGCTGC,28,B249H
DOME_golay_250,CTCGCTAGATAGGCTATGCGCGAGCTGC,28,B250H
DOME_golay_251,CTCTCTCACTTGGCTATGCGCGAGCTGC,28,B251H
DOME_golay_252,CTCTGTAGCCGAGCTATGCGCGAGCTGC,28,B252H
DOME_golay_253,CTGAAGGGCGAAGCTATGCGCGAGCTGC,28,B253H
DOME_golay_254,CTGAATCTGGTGGCTATGCGCGAGCTGC,28,B254H
DOME_golay_255,CTGACCGTTAAGGCTATGCGCGAGCTGC,28,B255H
DOME_golay_256,CTGACGATCCGTGCTATGCGCGAGCTGC,28,B256H
DOME_golay_257,CTGATAGCACACGCTATGCGCGAGCTGC,28,B257H
DOME_golay_258,CTGATGTACACGGCTATGCGCGAGCTGC,28,B258H
DOME_golay_259,CTGCAAGCCTGTGCTATGCGCGAGCTGC,28,B259H
DOME_golay_260,CTGCATACTGAGGCTATGCGCGAGCTGC,28,B260H
DOME_golay_261,CTGCGGATATACGCTATGCGCGAGCTGC,28,B261H
DOME_golay_262,CTGCTCAGGCATGCTATGCGCGAGCTGC,28,B262H
DOME_golay_263,CTGCTTCTTACAGCTATGCGCGAGCTGC,28,B263H
DOME_golay_264,CTGGAACATTAGGCTATGCGCGAGCTGC,28,B264H
DOME_golay_265,CTGGATTACGGTGCTATGCGCGAGCTGC,28,B265H
DOME_golay_266,CTGGGAGTTGTTGCTATGCGCGAGCTGC,28,B266H
DOME_golay_267,CTGTAAAGGTTGGCTATGCGCGAGCTGC,28,B267H
DOME_golay_268,CTGTAGCTTGGCGCTATGCGCGAGCTGC,28,B268H
DOME_golay_269,CTGTCGTGTCAGGCTATGCGCGAGCTGC,28,B269H
DOME_golay_270,CTTACACTGCTTGCTATGCGCGAGCTGC,28,B270H
DOME_golay_271,CTTAGAACGTGCGCTATGCGCGAGCTGC,28,B271H
DOME_golay_272,CTTAGGCATGTGGCTATGCGCGAGCTGC,28,B272H
DOME_golay_273,CTTGAGAAATCGGCTATGCGCGAGCTGC,28,B273H
DOME_golay_274,CTTTGCACTTTGGCTATGCGCGAGCTGC,28,B274H
DOME_golay_275,CTTTGTCAGGGCGCTATGCGCGAGCTGC,28,B275H
DOME_golay_276,GAAAGGTGAGAAGCTATGCGCGAGCTGC,28,B276H
DOME_golay_277,GAACTCGCTATGGCTATGCGCGAGCTGC,28,B277H
DOME_golay_278,GAACTTTAGCGCGCTATGCGCGAGCTGC,28,B278H
DOME_golay_279,GAATATACCTGGGCTATGCGCGAGCTGC,28,B279H
DOME_golay_280,GAATCCTCACCGGCTATGCGCGAGCTGC,28,B280H
DOME_golay_281,GAATCGCCGATTGCTATGCGCGAGCTGC,28,B281H
DOME_golay_282,GAATGTTGCGCTGCTATGCGCGAGCTGC,28,B282H
DOME_golay_283,GACAAACCTTGCGCTATGCGCGAGCTGC,28,B283H
DOME_golay_284,GACAACGAATCTGCTATGCGCGAGCTGC,28,B284H
DOME_golay_285,GACAAGAAGGTGGCTATGCGCGAGCTGC,28,B285H
DOME_golay_286,GACAATTCCGAAGCTATGCGCGAGCTGC,28,B286H
DOME_golay_287,GACACTCACCGTGCTATGCGCGAGCTGC,28,B287H
DOME_golay_288,GACATGCGGAGAGCTATGCGCGAGCTGC,28,B288H
DOME_golay_289,GACCACTGCTGTGCTATGCGCGAGCTGC,28,B289H
DOME_golay_290,GACCATGTAGTAGCTATGCGCGAGCTGC,28,B290H
DOME_golay_291,GACCCTAGACCTGCTATGCGCGAGCTGC,28,B291H
DOME_golay_292,GACCGATAGGGAGCTATGCGCGAGCTGC,28,B292H
DOME_golay_293,GACCGTCAATACGCTATGCGCGAGCTGC,28,B293H
DOME_golay_294,GACGACATTTAGGCTATGCGCGAGCTGC,28,B294H
DOME_golay_295,GACGCACTAACTGCTATGCGCGAGCTGC,28,B295H
DOME_golay_296,GACGCTTTGCTGGCTATGCGCGAGCTGC,28,B296H
DOME_golay_297,GACTCAACCAGTGCTATGCGCGAGCTGC,28,B297H
DOME_golay_298,GACTCGCAACTAGCTATGCGCGAGCTGC,28,B298H
DOME_golay_299,GACTCTGCTCAGGCTATGCGCGAGCTGC,28,B299H
DOME_golay_300,GAGAATGGAAAGGCTATGCGCGAGCTGC,28,B300H
